<?xml version="1.0"?>
<menu>
	<header>
		<listname>Atari 5200</listname>
		<lastlistupdate>08/22/2017</lastlistupdate>
		<listversion>2.0</listversion>
		<exporterversion>HyperList XML Exporter Version 1.3 Copywrite (c) 2009-2011 William Strong</exporterversion>
	</header>
	<game name="A.E. (USA) (Proto)" index="true" image="a">
		<description>A.E. (USA) (Proto)</description>
		<cloneof></cloneof>
		<crc>35484751</crc>
		<manufacturer>Atari</manufacturer>
		<year>1984</year>
		<genre>Shooter</genre>
		<rating>Other - NR (Not Rated)</rating>
		<enabled>Yes</enabled>
	</game>
	<game name="Activision Decathlon, The (USA)" index="" image="">
		<description>Activision Decathlon, The (USA)</description>
		<cloneof></cloneof>
		<crc>F43E7CD0</crc>
		<manufacturer>Activision</manufacturer>
		<year>1984</year>
		<genre>Sports/Olympic</genre>
		<rating>Other - NR (Not Rated)</rating>
		<enabled>Yes</enabled>
	</game>
	<game name="Asteroids (USA) (Proto)" index="" image="">
		<description>Asteroids (USA) (Proto)</description>
		<cloneof></cloneof>
		<crc>38480891</crc>
		<manufacturer>Atari</manufacturer>
		<year>1982</year>
		<genre>Action</genre>
		<rating>Other - NR (Not Rated)</rating>
		<enabled>Yes</enabled>
	</game>
	<game name="Astro Chase (USA)" index="" image="">
		<description>Astro Chase (USA)</description>
		<cloneof></cloneof>
		<crc>4019ECEC</crc>
		<manufacturer>Parker Brothers</manufacturer>
		<year>1983</year>
		<genre>Action</genre>
		<rating>Other - NR (Not Rated)</rating>
		<enabled>Yes</enabled>
	</game>
	<game name="Ballblazer (USA)" index="true" image="b">
		<description>Ballblazer (USA)</description>
		<cloneof></cloneof>
		<crc>DEF2A207</crc>
		<manufacturer>Atari</manufacturer>
		<year>1986</year>
		<genre>Sports</genre>
		<rating>Other - NR (Not Rated)</rating>
		<enabled>Yes</enabled>
	</game>
	<game name="Beamrider (USA)" index="" image="">
		<description>Beamrider (USA)</description>
		<cloneof></cloneof>
		<crc>9BAE58DC</crc>
		<manufacturer>Activision</manufacturer>
		<year>1984</year>
		<genre>Action</genre>
		<rating>Other - NR (Not Rated)</rating>
		<enabled>Yes</enabled>
	</game>
	<game name="BerZerk (USA)" index="" image="">
		<description>BerZerk (USA)</description>
		<cloneof></cloneof>
		<crc>BE3CD348</crc>
		<manufacturer>Atari</manufacturer>
		<year>1983</year>
		<genre>Action</genre>
		<rating>Other - NR (Not Rated)</rating>
		<enabled>Yes</enabled>
	</game>
	<game name="Blaster (USA) (Proto)" index="" image="">
		<description>Blaster (USA) (Proto)</description>
		<cloneof></cloneof>
		<crc>c8f9c094</crc>
		<manufacturer>Atari</manufacturer>
		<year>1984</year>
		<genre>Shooter</genre>
		<rating>Other - NR (Not Rated)</rating>
		<enabled>Yes</enabled>
	</game>
	<game name="Blue Print (USA)" index="" image="">
		<description>Blue Print (USA)</description>
		<cloneof></cloneof>
		<crc>0624E6E7</crc>
		<manufacturer>CBS Electronics</manufacturer>
		<year>1983</year>
		<genre>Action</genre>
		<rating>Other - NR (Not Rated)</rating>
		<enabled>Yes</enabled>
	</game>
	<game name="Bounty Bob Strikes Back! (USA)" index="" image="">
		<description>Bounty Bob Strikes Back! (USA)</description>
		<cloneof></cloneof>
		<crc>7873C6DD</crc>
		<manufacturer>Big Five Software</manufacturer>
		<year>1984</year>
		<genre>Action</genre>
		<rating>Other - NR (Not Rated)</rating>
		<enabled>Yes</enabled>
	</game>
	<game name="Buck Rogers - Planet of Zoom (USA)" index="" image="">
		<description>Buck Rogers - Planet of Zoom (USA)</description>
		<cloneof></cloneof>
		<crc>04807705</crc>
		<manufacturer>CBS Electronics</manufacturer>
		<year>1983</year>
		<genre>Action</genre>
		<rating>Other - NR (Not Rated)</rating>
		<enabled>Yes</enabled>
	</game>
	<game name="Carol Shaw&apos;s River Raid (USA)" index="true" image="c">
		<description>Carol Shaw&apos;s River Raid (USA)</description>
		<cloneof></cloneof>
		<crc>09FC7648</crc>
		<manufacturer>Activision</manufacturer>
		<year>1983</year>
		<genre>Action</genre>
		<rating>Other - NR (Not Rated)</rating>
		<enabled>Yes</enabled>
	</game>
	<game name="Castle Blast (USA) (Unl)" index="" image="">
		<description>Castle Blast (USA) (Unl)</description>
		<cloneof></cloneof>
		<crc>7C988054</crc>
		<manufacturer>Self-Published</manufacturer>
		<year>2002</year>
		<genre>Shooter</genre>
		<rating>Other - NR (Not Rated)</rating>
		<enabled>Yes</enabled>
	</game>
	<game name="Castle Crisis (USA) (Unl)" index="" image="">
		<description>Castle Crisis (USA) (Unl)</description>
		<cloneof></cloneof>
		<crc>D50E4061</crc>
		<manufacturer>Self-Published</manufacturer>
		<year>2004</year>
		<genre>Action</genre>
		<rating>Other - NR (Not Rated)</rating>
		<enabled>Yes</enabled>
	</game>
	<game name="Centipede (USA)" index="" image="">
		<description>Centipede (USA)</description>
		<cloneof></cloneof>
		<crc>536A70FE</crc>
		<manufacturer>Atari</manufacturer>
		<year>1982</year>
		<genre>Action</genre>
		<rating>Other - NR (Not Rated)</rating>
		<enabled>Yes</enabled>
	</game>
	<game name="Choplifter! (USA)" index="" image="">
		<description>Choplifter! (USA)</description>
		<cloneof></cloneof>
		<crc>9AD53BBC</crc>
		<manufacturer>Atari</manufacturer>
		<year>1984</year>
		<genre>Action</genre>
		<rating>Other - NR (Not Rated)</rating>
		<enabled>Yes</enabled>
	</game>
	<game name="Congo Bongo (USA)" index="" image="">
		<description>Congo Bongo (USA)</description>
		<cloneof></cloneof>
		<crc>F1F42BBD</crc>
		<manufacturer>Sega</manufacturer>
		<year>1984</year>
		<genre>Action</genre>
		<rating>Other - NR (Not Rated)</rating>
		<enabled>Yes</enabled>
	</game>
	<game name="Countermeasure (USA)" index="" image="">
		<description>Countermeasure (USA)</description>
		<cloneof></cloneof>
		<crc>FD541C80</crc>
		<manufacturer>Atari</manufacturer>
		<year>1984</year>
		<genre>Action</genre>
		<rating>Other - NR (Not Rated)</rating>
		<enabled>Yes</enabled>
	</game>
	<game name="David Crane&apos;s Pitfall II - Lost Caverns (USA)" index="true" image="d">
		<description>David Crane&apos;s Pitfall II - Lost Caverns (USA)</description>
		<cloneof></cloneof>
		<crc>4B910461</crc>
		<manufacturer>Activision</manufacturer>
		<year>1984</year>
		<genre>Platform</genre>
		<rating>Other - NR (Not Rated)</rating>
		<enabled>Yes</enabled>
	</game>
	<game name="Defender (USA)" index="" image="">
		<description>Defender (USA)</description>
		<cloneof></cloneof>
		<crc>BD52623B</crc>
		<manufacturer>Atari</manufacturer>
		<year>1983</year>
		<genre>Shooter</genre>
		<rating>Other - NR (Not Rated)</rating>
		<enabled>Yes</enabled>
	</game>
	<game name="Dig Dug (USA)" index="" image="">
		<description>Dig Dug (USA)</description>
		<cloneof></cloneof>
		<crc>6A687F9C</crc>
		<manufacturer>Atari</manufacturer>
		<year>1983</year>
		<genre>Puzzle</genre>
		<rating>Other - NR (Not Rated)</rating>
		<enabled>Yes</enabled>
	</game>
	<game name="Dreadnaught Factor, The (USA)" index="" image="">
		<description>Dreadnaught Factor, The (USA)</description>
		<cloneof></cloneof>
		<crc>460DEF2D</crc>
		<manufacturer>Atari</manufacturer>
		<year>1983</year>
		<genre>Action</genre>
		<rating>Other - NR (Not Rated)</rating>
		<enabled>Yes</enabled>
	</game>
	<game name="Final Legacy (USA) (Proto)" index="true" image="f">
		<description>Final Legacy (USA) (Proto)</description>
		<cloneof></cloneof>
		<crc>d3bd3221</crc>
		<manufacturer>CBS Electronics</manufacturer>
		<year>1984</year>
		<genre>Action</genre>
		<rating>Other - NR (Not Rated)</rating>
		<enabled>Yes</enabled>
	</game>
	<game name="Frisky Tom (USA) (Proto)" index="" image="">
		<description>Frisky Tom (USA) (Proto)</description>
		<cloneof></cloneof>
		<crc>04b299a4</crc>
		<manufacturer>Atari</manufacturer>
		<year>1984</year>
		<genre>Maze</genre>
		<rating>Other - NR (Not Rated)</rating>
		<enabled>Yes</enabled>
	</game>
	<game name="Frogger (USA)" index="" image="">
		<description>Frogger (USA)</description>
		<cloneof></cloneof>
		<crc>AE7E3444</crc>
		<manufacturer>Parker Brothers</manufacturer>
		<year>1983</year>
		<genre>Action</genre>
		<rating>Other - NR (Not Rated)</rating>
		<enabled>Yes</enabled>
	</game>
	<game name="Frogger II - Threeedeep! (USA)" index="" image="">
		<description>Frogger II - Threeedeep! (USA)</description>
		<cloneof></cloneof>
		<crc>0AF19345</crc>
		<manufacturer>Parker Bros</manufacturer>
		<year>1983</year>
		<genre>Action</genre>
		<rating>Other - NR (Not Rated)</rating>
		<enabled>Yes</enabled>
	</game>
	<game name="Galaxian (USA)" index="true" image="g">
		<description>Galaxian (USA)</description>
		<cloneof></cloneof>
		<crc>3EF4A23F</crc>
		<manufacturer>Atari</manufacturer>
		<year>1982</year>
		<genre>Shooter</genre>
		<rating>Other - NR (Not Rated)</rating>
		<enabled>Yes</enabled>
	</game>
	<game name="Gorf (USA)" index="" image="">
		<description>Gorf (USA)</description>
		<cloneof></cloneof>
		<crc>E955DB74</crc>
		<manufacturer>CBS Electronics</manufacturer>
		<year>1983</year>
		<genre>Action</genre>
		<rating>Other - NR (Not Rated)</rating>
		<enabled>Yes</enabled>
	</game>
	<game name="Gremlins (USA)" index="" image="">
		<description>Gremlins (USA)</description>
		<cloneof></cloneof>
		<crc>063EC2C4</crc>
		<manufacturer>Atari</manufacturer>
		<year>1987</year>
		<genre>Action</genre>
		<rating>Other - NR (Not Rated)</rating>
		<enabled>Yes</enabled>
	</game>
	<game name="Gyruss (USA)" index="" image="">
		<description>Gyruss (USA)</description>
		<cloneof></cloneof>
		<crc>CFD4A7F9</crc>
		<manufacturer>Parker Bros</manufacturer>
		<year>1984</year>
		<genre>Shooter</genre>
		<rating>Other - NR (Not Rated)</rating>
		<enabled>Yes</enabled>
	</game>
	<game name="H.E.R.O. (USA)" index="true" image="h">
		<description>H.E.R.O. (USA)</description>
		<cloneof></cloneof>
		<crc>18A73AF3</crc>
		<manufacturer>Activision</manufacturer>
		<year>1984</year>
		<genre>Action</genre>
		<rating>Other - NR (Not Rated)</rating>
		<enabled>Yes</enabled>
	</game>
	<game name="James Bond 007 (USA)" index="true" image="j">
		<description>James Bond 007 (USA)</description>
		<cloneof></cloneof>
		<crc>D9AE4518</crc>
		<manufacturer>Parker Bros</manufacturer>
		<year>1984</year>
		<genre>Action</genre>
		<rating>Other - NR (Not Rated)</rating>
		<enabled>Yes</enabled>
	</game>
	<game name="Joust (USA)" index="" image="">
		<description>Joust (USA)</description>
		<cloneof></cloneof>
		<crc>BFD30C01</crc>
		<manufacturer>Atari</manufacturer>
		<year>1983</year>
		<genre>Platform</genre>
		<rating>Other - NR (Not Rated)</rating>
		<enabled>Yes</enabled>
	</game>
	<game name="Jr. Pac-Man (USA) (Proto)" index="" image="">
		<description>Jr. Pac-Man (USA) (Proto)</description>
		<cloneof></cloneof>
		<crc>59983c40</crc>
		<manufacturer>Atari</manufacturer>
		<year>1984</year>
		<genre>Maze</genre>
		<rating>Other - NR (Not Rated)</rating>
		<enabled>Yes</enabled>
	</game>
	<game name="Jungle Hunt (USA)" index="" image="">
		<description>Jungle Hunt (USA)</description>
		<cloneof></cloneof>
		<crc>2C676662</crc>
		<manufacturer>Atari</manufacturer>
		<year>1983</year>
		<genre>Platform</genre>
		<rating>Other - NR (Not Rated)</rating>
		<enabled>Yes</enabled>
	</game>
	<game name="K-Razy Shoot-Out (USA)" index="true" image="k">
		<description>K-Razy Shoot-Out (USA)</description>
		<cloneof></cloneof>
		<crc>EE702214</crc>
		<manufacturer>CBS Electronics</manufacturer>
		<year>1983</year>
		<genre>Action</genre>
		<rating>Other - NR (Not Rated)</rating>
		<enabled>Yes</enabled>
	</game>
	<game name="Kaboom! (USA)" index="" image="">
		<description>Kaboom! (USA)</description>
		<cloneof></cloneof>
		<crc>420F5D0B</crc>
		<manufacturer>Activision</manufacturer>
		<year>1983</year>
		<genre>Action</genre>
		<rating>Other - NR (Not Rated)</rating>
		<enabled>Yes</enabled>
	</game>
	<game name="Kangaroo (USA)" index="" image="">
		<description>Kangaroo (USA)</description>
		<cloneof></cloneof>
		<crc>ECFA624F</crc>
		<manufacturer>Atari</manufacturer>
		<year>1983</year>
		<genre>Action</genre>
		<rating>Other - NR (Not Rated)</rating>
		<enabled>Yes</enabled>
	</game>
	<game name="Keystone Kapers (USA)" index="" image="">
		<description>Keystone Kapers (USA)</description>
		<cloneof></cloneof>
		<crc>8FE3BB2C</crc>
		<manufacturer>Activision</manufacturer>
		<year>1984</year>
		<genre>Action</genre>
		<rating>Other - NR (Not Rated)</rating>
		<enabled>Yes</enabled>
	</game>
	<game name="Koffi - Yellow Kopter (USA) (Unl)" index="" image="">
		<description>Koffi - Yellow Kopter (USA) (Unl)</description>
		<cloneof></cloneof>
		<crc>917BE656</crc>
		<manufacturer>Ron W. Lloyd</manufacturer>
		<year>2002</year>
		<genre>Shooter</genre>
		<rating>Other - NR (Not Rated)</rating>
		<enabled>Yes</enabled>
	</game>
	<game name="Last Starfighter, The (USA) (Proto)" index="true" image="l">
		<description>Last Starfighter, The (USA) (Proto)</description>
		<cloneof></cloneof>
		<crc>83517703</crc>
		<manufacturer>Atari</manufacturer>
		<year>1984</year>
		<genre>Shooter</genre>
		<rating>Other - NR (Not Rated)</rating>
		<enabled>Yes</enabled>
	</game>
	<game name="Mario Bros. (USA)" index="true" image="m">
		<description>Mario Bros. (USA)</description>
		<cloneof></cloneof>
		<crc>873742F1</crc>
		<manufacturer>Atari</manufacturer>
		<year>1983</year>
		<genre>Platform</genre>
		<rating>Other - NR (Not Rated)</rating>
		<enabled>Yes</enabled>
	</game>
	<game name="MegaMania (USA)" index="" image="">
		<description>MegaMania (USA)</description>
		<cloneof></cloneof>
		<crc>240A1E1A</crc>
		<manufacturer>Activision</manufacturer>
		<year>1983</year>
		<genre>Shooter</genre>
		<rating>Other - NR (Not Rated)</rating>
		<enabled>Yes</enabled>
	</game>
	<game name="Meteorites (USA)" index="" image="">
		<description>Meteorites (USA)</description>
		<cloneof></cloneof>
		<crc>AB8E035B</crc>
		<manufacturer>Electra</manufacturer>
		<year>1984</year>
		<genre>Action</genre>
		<rating>Other - NR (Not Rated)</rating>
		<enabled>Yes</enabled>
	</game>
	<game name="Microgammon SB (USA) (Proto)" index="" image="">
		<description>Microgammon SB (USA) (Proto)</description>
		<cloneof></cloneof>
		<crc>931a454a</crc>
		<manufacturer>Atari</manufacturer>
		<year>1983</year>
		<genre>Board Games</genre>
		<rating>Other - NR (Not Rated)</rating>
		<enabled>Yes</enabled>
	</game>
	<game name="Millipede (USA) (Proto)" index="" image="">
		<description>Millipede (USA) (Proto)</description>
		<cloneof></cloneof>
		<crc>969cfe1a</crc>
		<manufacturer>Atari</manufacturer>
		<year>1984</year>
		<genre>Action</genre>
		<rating>Other - NR (Not Rated)</rating>
		<enabled>Yes</enabled>
	</game>
	<game name="Miner 2049er Starring Bounty Bob (USA)" index="" image="">
		<description>Miner 2049er Starring Bounty Bob (USA)</description>
		<cloneof></cloneof>
		<crc>7DF1ADFB</crc>
		<manufacturer>Big Five Software</manufacturer>
		<year>1983</year>
		<genre>Action</genre>
		<rating>Other - NR (Not Rated)</rating>
		<enabled>Yes</enabled>
	</game>
	<game name="Miniature Golf (USA) (Proto)" index="" image="">
		<description>Miniature Golf (USA) (Proto)</description>
		<cloneof></cloneof>
		<crc>c597c087</crc>
		<manufacturer>Atari</manufacturer>
		<year>1983</year>
		<genre>Sports/Golf</genre>
		<rating>Other - NR (Not Rated)</rating>
		<enabled>Yes</enabled>
	</game>
	<game name="Missile Command (USA)" index="" image="">
		<description>Missile Command (USA)</description>
		<cloneof></cloneof>
		<crc>44D3FF6F</crc>
		<manufacturer>Atari</manufacturer>
		<year>1982</year>
		<genre>Shooter</genre>
		<rating>Other - NR (Not Rated)</rating>
		<enabled>Yes</enabled>
	</game>
	<game name="Montezuma&apos;s Revenge featuring Panama Joe (USA)" index="" image="">
		<description>Montezuma&apos;s Revenge featuring Panama Joe (USA)</description>
		<cloneof></cloneof>
		<crc>2A640143</crc>
		<manufacturer>Parker Bros</manufacturer>
		<year>1983</year>
		<genre>Action</genre>
		<rating>Other - NR (Not Rated)</rating>
		<enabled>Yes</enabled>
	</game>
	<game name="Moon Patrol (USA)" index="" image="">
		<description>Moon Patrol (USA)</description>
		<cloneof></cloneof>
		<crc>D0B2F285</crc>
		<manufacturer>Atari</manufacturer>
		<year>1983</year>
		<genre>Action</genre>
		<rating>Other - NR (Not Rated)</rating>
		<enabled>Yes</enabled>
	</game>
	<game name="Mountain King (USA)" index="" image="">
		<description>Mountain King (USA)</description>
		<cloneof></cloneof>
		<crc>0F24243C</crc>
		<manufacturer>CBS Electronics</manufacturer>
		<year>1984</year>
		<genre>Action</genre>
		<rating>Other - NR (Not Rated)</rating>
		<enabled>Yes</enabled>
	</game>
	<game name="Mr. Do!&apos;s Castle (USA)" index="" image="">
		<description>Mr. Do!&apos;s Castle (USA)</description>
		<cloneof></cloneof>
		<crc>AA55F9BE</crc>
		<manufacturer>Parker Bros</manufacturer>
		<year>1984</year>
		<genre>Action</genre>
		<rating>Other - NR (Not Rated)</rating>
		<enabled>Yes</enabled>
	</game>
	<game name="Ms. Pac-Man (USA)" index="" image="">
		<description>Ms. Pac-Man (USA)</description>
		<cloneof></cloneof>
		<crc>752F5EFD</crc>
		<manufacturer>Atari</manufacturer>
		<year>1983</year>
		<genre>Action</genre>
		<rating>Other - NR (Not Rated)</rating>
		<enabled>Yes</enabled>
	</game>
	<game name="Pac-Man (USA)" index="true" image="p">
		<description>Pac-Man (USA)</description>
		<cloneof></cloneof>
		<crc>8873EF51</crc>
		<manufacturer>Atari</manufacturer>
		<year>1982</year>
		<genre>Action</genre>
		<rating>Other - NR (Not Rated)</rating>
		<enabled>Yes</enabled>
	</game>
	<game name="Pengo (USA)" index="" image="">
		<description>Pengo (USA)</description>
		<cloneof></cloneof>
		<crc>E4F8BA8C</crc>
		<manufacturer>Atari</manufacturer>
		<year>1983</year>
		<genre>Action</genre>
		<rating>Other - NR (Not Rated)</rating>
		<enabled>Yes</enabled>
	</game>
	<game name="Pitfall! (USA)" index="" image="">
		<description>Pitfall! (USA)</description>
		<cloneof></cloneof>
		<crc>B2887833</crc>
		<manufacturer>Activision</manufacturer>
		<year>1983</year>
		<genre>Platform</genre>
		<rating>Other - NR (Not Rated)</rating>
		<enabled>Yes</enabled>
	</game>
	<game name="Pole Position (USA)" index="" image="">
		<description>Pole Position (USA)</description>
		<cloneof></cloneof>
		<crc>ABC2D1E4</crc>
		<manufacturer>Atari</manufacturer>
		<year>1983</year>
		<genre>Driving</genre>
		<rating>Other - NR (Not Rated)</rating>
		<enabled>Yes</enabled>
	</game>
	<game name="Popeye (USA)" index="" image="">
		<description>Popeye (USA)</description>
		<cloneof></cloneof>
		<crc>A18A9A40</crc>
		<manufacturer>Parker Bros</manufacturer>
		<year>1983</year>
		<genre>Action</genre>
		<rating>Other - NR (Not Rated)</rating>
		<enabled>Yes</enabled>
	</game>
	<game name="Q-bert (USA)" index="true" image="q">
		<description>Q-bert (USA)</description>
		<cloneof></cloneof>
		<crc>3FE4A401</crc>
		<manufacturer>Parker Brothers</manufacturer>
		<year>1983</year>
		<genre>Action</genre>
		<rating>Other - NR (Not Rated)</rating>
		<enabled>Yes</enabled>
	</game>
	<game name="Qix (USA)" index="" image="">
		<description>Qix (USA)</description>
		<cloneof></cloneof>
		<crc>AEA6D2C2</crc>
		<manufacturer>Atari</manufacturer>
		<year>1982</year>
		<genre>Puzzle</genre>
		<rating>Other - NR (Not Rated)</rating>
		<enabled>Yes</enabled>
	</game>
	<game name="Quest for Quintana Roo (USA)" index="" image="">
		<description>Quest for Quintana Roo (USA)</description>
		<cloneof></cloneof>
		<crc>B5F3402B</crc>
		<manufacturer>Sunrise Software Inc.</manufacturer>
		<year>1984</year>
		<genre>Action</genre>
		<rating>Other - NR (Not Rated)</rating>
		<enabled>Yes</enabled>
	</game>
	<game name="RealSports Baseball (USA)" index="true" image="r">
		<description>RealSports Baseball (USA)</description>
		<cloneof></cloneof>
		<crc>44166592</crc>
		<manufacturer>Atari</manufacturer>
		<year>1983</year>
		<genre>Sports/Baseball</genre>
		<rating>Other - NR (Not Rated)</rating>
		<enabled>Yes</enabled>
	</game>
	<game name="RealSports Basketball (USA) (Proto)" index="" image="">
		<description>RealSports Basketball (USA) (Proto)</description>
		<cloneof></cloneof>
		<crc>3c311303</crc>
		<manufacturer>Atari</manufacturer>
		<year>1983</year>
		<genre>Sports/Basketball</genre>
		<rating>Other - NR (Not Rated)</rating>
		<enabled>Yes</enabled>
	</game>
	<game name="RealSports Football (USA)" index="" image="">
		<description>RealSports Football (USA)</description>
		<cloneof></cloneof>
		<crc>4336C2CC</crc>
		<manufacturer>Midway</manufacturer>
		<year>1983</year>
		<genre>Sports/Football</genre>
		<rating>Other - NR (Not Rated)</rating>
		<enabled>Yes</enabled>
	</game>
	<game name="RealSports Soccer (USA)" index="" image="">
		<description>RealSports Soccer (USA)</description>
		<cloneof></cloneof>
		<crc>ECBD1853</crc>
		<manufacturer>Midway</manufacturer>
		<year>1983</year>
		<genre>Sports/Soccer</genre>
		<rating>Other - NR (Not Rated)</rating>
		<enabled>Yes</enabled>
	</game>
	<game name="RealSports Tennis (USA)" index="" image="">
		<description>RealSports Tennis (USA)</description>
		<cloneof></cloneof>
		<crc>10F33C90</crc>
		<manufacturer>Atari</manufacturer>
		<year>1983</year>
		<genre>Sports/Tennis</genre>
		<rating>Other - NR (Not Rated)</rating>
		<enabled>Yes</enabled>
	</game>
	<game name="Rescue on Fractalus! (USA)" index="" image="">
		<description>Rescue on Fractalus! (USA)</description>
		<cloneof></cloneof>
		<crc>762C591B</crc>
		<manufacturer>Atari</manufacturer>
		<year>1986</year>
		<genre>Action</genre>
		<rating>Other - NR (Not Rated)</rating>
		<enabled>Yes</enabled>
	</game>
	<game name="Robotron 2084 (USA)" index="" image="">
		<description>Robotron 2084 (USA)</description>
		<cloneof></cloneof>
		<crc>4252ABD9</crc>
		<manufacturer>Atari</manufacturer>
		<year>1983</year>
		<genre>Shooter</genre>
		<rating>Other - NR (Not Rated)</rating>
		<enabled>Yes</enabled>
	</game>
	<game name="Space Dungeon (USA)" index="true" image="s">
		<description>Space Dungeon (USA)</description>
		<cloneof></cloneof>
		<crc>B68D61E8</crc>
		<manufacturer>Atari</manufacturer>
		<year>1983</year>
		<genre>Action</genre>
		<rating>Other - NR (Not Rated)</rating>
		<enabled>Yes</enabled>
	</game>
	<game name="Space Invaders (USA)" index="" image="">
		<description>Space Invaders (USA)</description>
		<cloneof></cloneof>
		<crc>DE5C354A</crc>
		<manufacturer>Atari</manufacturer>
		<year>1982</year>
		<genre>Shooter</genre>
		<rating>Other - NR (Not Rated)</rating>
		<enabled>Yes</enabled>
	</game>
	<game name="Space Shuttle - A Journey Into Space (USA)" index="" image="">
		<description>Space Shuttle - A Journey Into Space (USA)</description>
		<cloneof></cloneof>
		<crc>387365DC</crc>
		<manufacturer>Activision</manufacturer>
		<year>1984</year>
		<genre>Action</genre>
		<rating>Other - NR (Not Rated)</rating>
		<enabled>Yes</enabled>
	</game>
	<game name="Sport Goofy (USA) (Proto)" index="" image="">
		<description>Sport Goofy (USA) (Proto)</description>
		<cloneof></cloneof>
		<crc>73b5b6fb</crc>
		<manufacturer>Atari</manufacturer>
		<year>1983</year>
		<genre>Sport</genre>
		<rating>Other - NR (Not Rated)</rating>
		<enabled>Yes</enabled>
	</game>
	<game name="Star Raiders (USA)" index="" image="">
		<description>Star Raiders (USA)</description>
		<cloneof></cloneof>
		<crc>7D819A9F</crc>
		<manufacturer>Atari</manufacturer>
		<year>1982</year>
		<genre>Action</genre>
		<rating>Other - NR (Not Rated)</rating>
		<enabled>Yes</enabled>
	</game>
	<game name="Star Trek - Strategic Operations Simulator (USA)" index="" image="">
		<description>Star Trek - Strategic Operations Simulator (USA)</description>
		<cloneof></cloneof>
		<crc>69F23548</crc>
		<manufacturer>Sega</manufacturer>
		<year>1983</year>
		<genre>Action</genre>
		<rating>Other - NR (Not Rated)</rating>
		<enabled>Yes</enabled>
	</game>
	<game name="Star Wars - Return of the Jedi - Death Star Battle (USA)" index="" image="">
		<description>Star Wars - Return of the Jedi - Death Star Battle (USA)</description>
		<cloneof></cloneof>
		<crc>0675F0A5</crc>
		<manufacturer>Parker Bros</manufacturer>
		<year>1983</year>
		<genre>Action</genre>
		<rating>Other - NR (Not Rated)</rating>
		<enabled>Yes</enabled>
	</game>
	<game name="Star Wars - The Arcade Game (USA)" index="" image="">
		<description>Star Wars - The Arcade Game (USA)</description>
		<cloneof></cloneof>
		<crc>75F566DF</crc>
		<manufacturer>Parker Bros</manufacturer>
		<year>1983</year>
		<genre>Action</genre>
		<rating>Other - NR (Not Rated)</rating>
		<enabled>Yes</enabled>
	</game>
	<game name="Super Breakout (USA)" index="" image="">
		<description>Super Breakout (USA)</description>
		<cloneof></cloneof>
		<crc>A0642110</crc>
		<manufacturer>Atari</manufacturer>
		<year>1982</year>
		<genre>Action</genre>
		<rating>Other - NR (Not Rated)</rating>
		<enabled>Yes</enabled>
	</game>
	<game name="Super Cobra (USA)" index="" image="">
		<description>Super Cobra (USA)</description>
		<cloneof></cloneof>
		<crc>97DEBCD2</crc>
		<manufacturer>Parker Bros</manufacturer>
		<year>1983</year>
		<genre>Action</genre>
		<rating>Other - NR (Not Rated)</rating>
		<enabled>Yes</enabled>
	</game>
	<game name="Super Pac-Man (USA) (Proto)" index="" image="">
		<description>Super Pac-Man (USA) (Proto)</description>
		<cloneof></cloneof>
		<crc>0a4ddb1e</crc>
		<manufacturer>Atari</manufacturer>
		<year>1984</year>
		<genre>Maze</genre>
		<rating>Other - NR (Not Rated)</rating>
		<enabled>Yes</enabled>
	</game>
	<game name="Track and Field (USA) (Proto)" index="true" image="t">
		<description>Track and Field (USA) (Proto)</description>
		<cloneof></cloneof>
		<crc>0ba22ece</crc>
		<manufacturer>Atari</manufacturer>
		<year>1984</year>
		<genre>Sports</genre>
		<rating>Other - NR (Not Rated)</rating>
		<enabled>Yes</enabled>
	</game>
	<game name="Vanguard (USA)" index="true" image="v">
		<description>Vanguard (USA)</description>
		<cloneof></cloneof>
		<crc>CAAEA0A4</crc>
		<manufacturer>Atari</manufacturer>
		<year>1984</year>
		<genre>Shooter</genre>
		<rating>Other - NR (Not Rated)</rating>
		<enabled>Yes</enabled>
	</game>
	<game name="Wizard of Wor (USA)" index="true" image="w">
		<description>Wizard of Wor (USA)</description>
		<cloneof></cloneof>
		<crc>D6F7DDFD</crc>
		<manufacturer>CBS Electronics</manufacturer>
		<year>1981</year>
		<genre>Shooter</genre>
		<rating>Other - NR (Not Rated)</rating>
		<enabled>Yes</enabled>
	</game>
	<game name="Xari Arena (USA) (Proto)" index="true" image="x">
		<description>Xari Arena (USA) (Proto)</description>
		<cloneof></cloneof>
		<crc>b8faaec3</crc>
		<manufacturer>Atari</manufacturer>
		<year>1983</year>
		<genre>Action</genre>
		<rating>Other - NR (Not Rated)</rating>
		<enabled>Yes</enabled>
	</game>
	<game name="Xevious (USA) (Proto)" index="" image="">
		<description>Xevious (USA) (Proto)</description>
		<cloneof></cloneof>
		<crc>382634dc</crc>
		<manufacturer>Atari</manufacturer>
		<year>1984</year>
		<genre>Action</genre>
		<rating>Other - NR (Not Rated)</rating>
		<enabled>Yes</enabled>
	</game>
	<game name="Zaxxon (USA)" index="true" image="z">
		<description>Zaxxon (USA)</description>
		<cloneof></cloneof>
		<crc>741746D1</crc>
		<manufacturer>Sega</manufacturer>
		<year>1983</year>
		<genre>Action</genre>
		<rating>Other - NR (Not Rated)</rating>
		<enabled>Yes</enabled>
	</game>
	<game name="Zenji (USA)" index="" image="">
		<description>Zenji (USA)</description>
		<cloneof></cloneof>
		<crc>DA228530</crc>
		<manufacturer>Activision</manufacturer>
		<year>1984</year>
		<genre>Action</genre>
		<rating>Other - NR (Not Rated)</rating>
		<enabled>Yes</enabled>
	</game>
	<game name="Zone Ranger (USA)" index="" image="">
		<description>Zone Ranger (USA)</description>
		<cloneof></cloneof>
		<crc>2959D827</crc>
		<manufacturer>Activision</manufacturer>
		<year>1984</year>
		<genre>Action</genre>
		<rating>Other - NR (Not Rated)</rating>
		<enabled>Yes</enabled>
	</game>
</menu>