<?xml version="1.0"?>
<menu>
	<header>
		<listname>Atari 7800</listname>
		<lastlistupdate>08/22/2017</lastlistupdate>
		<listversion>2.0</listversion>
		<exporterversion>HyperList XML Exporter Version 1.3 Copywrite (c) 2009-2011 William Strong</exporterversion>
	</header>
	<game name="32 in 1 (USA)" index="true" image="3">
		<description>32 in 1 (USA)</description>
		<cloneof></cloneof>
		<crc>eaef28ea</crc>
		<manufacturer>Atari</manufacturer>
		<year>1988</year>
		<genre>Compilation</genre>
		<rating>Other - NR (Not Rated)</rating>
		<enabled>Yes</enabled>
	</game>
	<game name="Ace of Aces (USA)" index="true" image="a">
		<description>Ace of Aces (USA)</description>
		<cloneof></cloneof>
		<crc>fa616e77</crc>
		<manufacturer>Artech</manufacturer>
		<year>1988</year>
		<genre>Flying</genre>
		<rating>Other - NR (Not Rated)</rating>
		<enabled>Yes</enabled>
	</game>
	<game name="Alien Brigade (USA)" index="" image="">
		<description>Alien Brigade (USA)</description>
		<cloneof></cloneof>
		<crc>3cef22ca</crc>
		<manufacturer>Atari</manufacturer>
		<year>1990</year>
		<genre>Shooter</genre>
		<rating>Other - NR (Not Rated)</rating>
		<enabled>Yes</enabled>
	</game>
	<game name="Asteroids (USA)" index="" image="">
		<description>Asteroids (USA)</description>
		<cloneof></cloneof>
		<crc>c9f1e305</crc>
		<manufacturer>Atari</manufacturer>
		<year>1987</year>
		<genre>Shoot-&apos;Em-Up</genre>
		<rating>Other - NR (Not Rated)</rating>
		<enabled>Yes</enabled>
	</game>
	<game name="Ballblazer (USA)" index="true" image="b">
		<description>Ballblazer (USA)</description>
		<cloneof></cloneof>
		<crc>5b635cb6</crc>
		<manufacturer>Lucasfilm Games</manufacturer>
		<year>1987</year>
		<genre>Sports</genre>
		<rating>Other - NR (Not Rated)</rating>
		<enabled>Yes</enabled>
	</game>
	<game name="Barnyard Blaster (USA)" index="" image="">
		<description>Barnyard Blaster (USA)</description>
		<cloneof></cloneof>
		<crc>36a9f2a5</crc>
		<manufacturer>Atari</manufacturer>
		<year>1988</year>
		<genre>Gun</genre>
		<rating>Other - NR (Not Rated)</rating>
		<enabled>Yes</enabled>
	</game>
	<game name="Basketbrawl (USA)" index="" image="">
		<description>Basketbrawl (USA)</description>
		<cloneof></cloneof>
		<crc>fd3aec38</crc>
		<manufacturer>Atari</manufacturer>
		<year>1990</year>
		<genre>Sports/Basketball</genre>
		<rating>Other - NR (Not Rated)</rating>
		<enabled>Yes</enabled>
	</game>
	<game name="Centipede (USA)" index="true" image="c">
		<description>Centipede (USA)</description>
		<cloneof></cloneof>
		<crc>7ca3ec6b</crc>
		<manufacturer>Atari</manufacturer>
		<year>1987</year>
		<genre>Shoot-&apos;Em-Up</genre>
		<rating>Other - NR (Not Rated)</rating>
		<enabled>Yes</enabled>
	</game>
	<game name="Choplifter! (USA)" index="" image="">
		<description>Choplifter! (USA)</description>
		<cloneof></cloneof>
		<crc>0b0d05d4</crc>
		<manufacturer>Broderbund Software</manufacturer>
		<year>1988</year>
		<genre>Shoot-&apos;Em-Up</genre>
		<rating>Other - NR (Not Rated)</rating>
		<enabled>Yes</enabled>
	</game>
	<game name="Commando (USA)" index="" image="">
		<description>Commando (USA)</description>
		<cloneof></cloneof>
		<crc>e9bd1c75</crc>
		<manufacturer>Capcom</manufacturer>
		<year>1989</year>
		<genre>Shooter</genre>
		<rating>Other - NR (Not Rated)</rating>
		<enabled>Yes</enabled>
	</game>
	<game name="Crack&apos;ed (USA)" index="" image="">
		<description>Crack&apos;ed (USA)</description>
		<cloneof></cloneof>
		<crc>61dcc763</crc>
		<manufacturer>Atari</manufacturer>
		<year>1988</year>
		<genre>Shooter</genre>
		<rating>Other - NR (Not Rated)</rating>
		<enabled>Yes</enabled>
	</game>
	<game name="Crossbow (USA)" index="" image="">
		<description>Crossbow (USA)</description>
		<cloneof></cloneof>
		<crc>a2678e2d</crc>
		<manufacturer>Exidy</manufacturer>
		<year>1987</year>
		<genre>Shooter</genre>
		<rating>Other - NR (Not Rated)</rating>
		<enabled>Yes</enabled>
	</game>
	<game name="Dark Chambers (USA)" index="true" image="d">
		<description>Dark Chambers (USA)</description>
		<cloneof></cloneof>
		<crc>b5a87d19</crc>
		<manufacturer>Atari</manufacturer>
		<year>1988</year>
		<genre>Maze</genre>
		<rating>Other - NR (Not Rated)</rating>
		<enabled>Yes</enabled>
	</game>
	<game name="Desert Falcon (USA)" index="" image="">
		<description>Desert Falcon (USA)</description>
		<cloneof></cloneof>
		<crc>5ff04461</crc>
		<manufacturer>Atari</manufacturer>
		<year>1987</year>
		<genre>Shoot-&apos;Em-Up</genre>
		<rating>Other - NR (Not Rated)</rating>
		<enabled>Yes</enabled>
	</game>
	<game name="Dig Dug (USA)" index="" image="">
		<description>Dig Dug (USA)</description>
		<cloneof></cloneof>
		<crc>a6da053d</crc>
		<manufacturer>Namco</manufacturer>
		<year>1987</year>
		<genre>Maze</genre>
		<rating>Other - NR (Not Rated)</rating>
		<enabled>Yes</enabled>
	</game>
	<game name="Donkey Kong (USA)" index="" image="">
		<description>Donkey Kong (USA)</description>
		<cloneof></cloneof>
		<crc>24afb84f</crc>
		<manufacturer>Nintendo</manufacturer>
		<year>1988</year>
		<genre>Platform</genre>
		<rating>Other - NR (Not Rated)</rating>
		<enabled>Yes</enabled>
	</game>
	<game name="Donkey Kong Junior (USA)" index="" image="">
		<description>Donkey Kong Junior (USA)</description>
		<cloneof></cloneof>
		<crc>812457fb</crc>
		<manufacturer>Nintendo</manufacturer>
		<year>1988</year>
		<genre>Platform</genre>
		<rating>Other - NR (Not Rated)</rating>
		<enabled>Yes</enabled>
	</game>
	<game name="Double Dragon (USA)" index="" image="">
		<description>Double Dragon (USA)</description>
		<cloneof></cloneof>
		<crc>16e2fc12</crc>
		<manufacturer>Technos</manufacturer>
		<year>1989</year>
		<genre>Beat-&apos;Em-Up</genre>
		<rating>Other - NR (Not Rated)</rating>
		<enabled>Yes</enabled>
	</game>
	<game name="F-18 Hornet (USA)" index="true" image="f">
		<description>F-18 Hornet (USA)</description>
		<cloneof></cloneof>
		<crc>fa3e8cbb</crc>
		<manufacturer>Absolute Entertainment</manufacturer>
		<year>1988</year>
		<genre>Flying</genre>
		<rating>Other - NR (Not Rated)</rating>
		<enabled>Yes</enabled>
	</game>
	<game name="Fatal Run (USA)" index="" image="">
		<description>Fatal Run (USA)</description>
		<cloneof></cloneof>
		<crc>718232bb</crc>
		<manufacturer>Sculptured Software</manufacturer>
		<year>1990</year>
		<genre>Driving</genre>
		<rating>Other - NR (Not Rated)</rating>
		<enabled>Yes</enabled>
	</game>
	<game name="Fight Night (USA)" index="" image="">
		<description>Fight Night (USA)</description>
		<cloneof></cloneof>
		<crc>28e38bd7</crc>
		<manufacturer>Sydney Development</manufacturer>
		<year>1988</year>
		<genre>Sports/Boxing</genre>
		<rating>Other - NR (Not Rated)</rating>
		<enabled>Yes</enabled>
	</game>
	<game name="Food Fight (USA)" index="" image="">
		<description>Food Fight (USA)</description>
		<cloneof></cloneof>
		<crc>db5b7d3f</crc>
		<manufacturer>Atari</manufacturer>
		<year>1987</year>
		<genre>Fighter</genre>
		<rating>Other - NR (Not Rated)</rating>
		<enabled>Yes</enabled>
	</game>
	<game name="Galaga (USA)" index="true" image="g">
		<description>Galaga (USA)</description>
		<cloneof></cloneof>
		<crc>0a174f9b</crc>
		<manufacturer>Namco</manufacturer>
		<year>1987</year>
		<genre>Shoot-&apos;Em-Up</genre>
		<rating>Other - NR (Not Rated)</rating>
		<enabled>Yes</enabled>
	</game>
	<game name="Hat Trick (USA)" index="true" image="h">
		<description>Hat Trick (USA)</description>
		<cloneof></cloneof>
		<crc>e293793e</crc>
		<manufacturer>Bally Sente</manufacturer>
		<year>1987</year>
		<genre>Sports/Hockey</genre>
		<rating>Other - NR (Not Rated)</rating>
		<enabled>Yes</enabled>
	</game>
	<game name="Ikari Warriors (USA)" index="true" image="i">
		<description>Ikari Warriors (USA)</description>
		<cloneof></cloneof>
		<crc>aa0cfb30</crc>
		<manufacturer>SNK</manufacturer>
		<year>1989</year>
		<genre>Shooter</genre>
		<rating>Other - NR (Not Rated)</rating>
		<enabled>Yes</enabled>
	</game>
	<game name="Impossible Mission (USA)" index="" image="">
		<description>Impossible Mission (USA)</description>
		<cloneof></cloneof>
		<crc>fa0a683e</crc>
		<manufacturer>Epyx</manufacturer>
		<year>1987</year>
		<genre>Platform</genre>
		<rating>Other - NR (Not Rated)</rating>
		<enabled>Yes</enabled>
	</game>
	<game name="Jinks (USA)" index="true" image="j">
		<description>Jinks (USA)</description>
		<cloneof></cloneof>
		<crc>9571c998</crc>
		<manufacturer>Diamond Software</manufacturer>
		<year>1989</year>
		<genre>Breakout</genre>
		<rating>Other - NR (Not Rated)</rating>
		<enabled>Yes</enabled>
	</game>
	<game name="Joust (USA)" index="" image="">
		<description>Joust (USA)</description>
		<cloneof></cloneof>
		<crc>1646ec7c</crc>
		<manufacturer>Williams Electronics</manufacturer>
		<year>1987</year>
		<genre>Platform</genre>
		<rating>Other - NR (Not Rated)</rating>
		<enabled>Yes</enabled>
	</game>
	<game name="Karateka (USA)" index="true" image="k">
		<description>Karateka (USA)</description>
		<cloneof></cloneof>
		<crc>be689aea</crc>
		<manufacturer>Broderbund Software</manufacturer>
		<year>1987</year>
		<genre>Fighter</genre>
		<rating>Other - NR (Not Rated)</rating>
		<enabled>Yes</enabled>
	</game>
	<game name="Klax (USA) (Proto)" index="" image="">
		<description>Klax (USA) (Proto)</description>
		<cloneof></cloneof>
		<crc>f26621e3</crc>
		<manufacturer>Atari</manufacturer>
		<year>1992</year>
		<genre>Puzzle</genre>
		<rating>Other - NR (Not Rated)</rating>
		<enabled>Yes</enabled>
	</game>
	<game name="Kung-Fu Master (USA)" index="" image="">
		<description>Kung-Fu Master (USA)</description>
		<cloneof></cloneof>
		<crc>37816887</crc>
		<manufacturer>Irem</manufacturer>
		<year>1989</year>
		<genre>Fighter</genre>
		<rating>Other - NR (Not Rated)</rating>
		<enabled>Yes</enabled>
	</game>
	<game name="Mario Bros. (USA)" index="true" image="m">
		<description>Mario Bros. (USA)</description>
		<cloneof></cloneof>
		<crc>fcffc04a</crc>
		<manufacturer>Nintendo</manufacturer>
		<year>1988</year>
		<genre>Platform</genre>
		<rating>Other - NR (Not Rated)</rating>
		<enabled>Yes</enabled>
	</game>
	<game name="Mat Mania Challenge (USA)" index="" image="">
		<description>Mat Mania Challenge (USA)</description>
		<cloneof></cloneof>
		<crc>a902f3e6</crc>
		<manufacturer>American Technos</manufacturer>
		<year>1990</year>
		<genre>Sports/Wrestling</genre>
		<rating>Other - NR (Not Rated)</rating>
		<enabled>Yes</enabled>
	</game>
	<game name="Mean 18 Ultimate Golf (USA)" index="" image="">
		<description>Mean 18 Ultimate Golf (USA)</description>
		<cloneof></cloneof>
		<crc>517d1986</crc>
		<manufacturer>Accolade</manufacturer>
		<year>1989</year>
		<genre>Sports/Golf</genre>
		<rating>Other - NR (Not Rated)</rating>
		<enabled>Yes</enabled>
	</game>
	<game name="Meltdown (USA)" index="" image="">
		<description>Meltdown (USA)</description>
		<cloneof></cloneof>
		<crc>14502302</crc>
		<manufacturer>Atari</manufacturer>
		<year>1990</year>
		<genre>Shooter</genre>
		<rating>Other - NR (Not Rated)</rating>
		<enabled>Yes</enabled>
	</game>
	<game name="Midnight Mutants (USA)" index="" image="">
		<description>Midnight Mutants (USA)</description>
		<cloneof></cloneof>
		<crc>e7157222</crc>
		<manufacturer>Radioactive Software</manufacturer>
		<year>1990</year>
		<genre>Adventure</genre>
		<rating>Other - NR (Not Rated)</rating>
		<enabled>Yes</enabled>
	</game>
	<game name="Motor Psycho (USA)" index="" image="">
		<description>Motor Psycho (USA)</description>
		<cloneof></cloneof>
		<crc>fc414689</crc>
		<manufacturer>BlueSky Software</manufacturer>
		<year>1990</year>
		<genre>Driving</genre>
		<rating>Other - NR (Not Rated)</rating>
		<enabled>Yes</enabled>
	</game>
	<game name="Ms. Pac-Man (USA)" index="" image="">
		<description>Ms. Pac-Man (USA)</description>
		<cloneof></cloneof>
		<crc>2b11d9f2</crc>
		<manufacturer>General Computer Corporation, Midway</manufacturer>
		<year>1987</year>
		<genre>Maze</genre>
		<rating>Other - NR (Not Rated)</rating>
		<enabled>Yes</enabled>
	</game>
	<game name="Ninja Golf (USA)" index="true" image="n">
		<description>Ninja Golf (USA)</description>
		<cloneof></cloneof>
		<crc>9e5d3625</crc>
		<manufacturer>BlueSky Software</manufacturer>
		<year>1990</year>
		<genre>Sports/Golf</genre>
		<rating>Other - NR (Not Rated)</rating>
		<enabled>Yes</enabled>
	</game>
	<game name="One-on-One Basketball (USA)" index="true" image="o">
		<description>One-on-One Basketball (USA)</description>
		<cloneof></cloneof>
		<crc>859c8456</crc>
		<manufacturer>Atari</manufacturer>
		<year>1987</year>
		<genre>Sports/Basketball</genre>
		<rating>Other - NR (Not Rated)</rating>
		<enabled>Yes</enabled>
	</game>
	<game name="Pete Rose Baseball (USA)" index="true" image="p">
		<description>Pete Rose Baseball (USA)</description>
		<cloneof></cloneof>
		<crc>ecece40b</crc>
		<manufacturer>Absolute Entertainment</manufacturer>
		<year>1989</year>
		<genre>Sports/Baseball</genre>
		<rating>Other - NR (Not Rated)</rating>
		<enabled>Yes</enabled>
	</game>
	<game name="Planet Smashers (USA)" index="" image="">
		<description>Planet Smashers (USA)</description>
		<cloneof></cloneof>
		<crc>46342cd3</crc>
		<manufacturer>Atari</manufacturer>
		<year>1990</year>
		<genre>Shoot-&apos;Em-Up</genre>
		<rating>Other - NR (Not Rated)</rating>
		<enabled>Yes</enabled>
	</game>
	<game name="Pole Position II (USA)" index="" image="">
		<description>Pole Position II (USA)</description>
		<cloneof></cloneof>
		<crc>3d57623a</crc>
		<manufacturer>Namco</manufacturer>
		<year>1987</year>
		<genre>Driving</genre>
		<rating>Other - NR (Not Rated)</rating>
		<enabled>Yes</enabled>
	</game>
	<game name="Rampage (USA)" index="true" image="r">
		<description>Rampage (USA)</description>
		<cloneof></cloneof>
		<crc>859d9352</crc>
		<manufacturer>Bally Midway</manufacturer>
		<year>1989</year>
		<genre>Platform</genre>
		<rating>Other - NR (Not Rated)</rating>
		<enabled>Yes</enabled>
	</game>
	<game name="RealSports Baseball (USA)" index="" image="">
		<description>RealSports Baseball (USA)</description>
		<cloneof></cloneof>
		<crc>f33bd4fd</crc>
		<manufacturer>Atari</manufacturer>
		<year>1988</year>
		<genre>Sports/Baseball</genre>
		<rating>Other - NR (Not Rated)</rating>
		<enabled>Yes</enabled>
	</game>
	<game name="Robotron - 2084 (USA)" index="" image="">
		<description>Robotron - 2084 (USA)</description>
		<cloneof></cloneof>
		<crc>aa06b121</crc>
		<manufacturer>Williams Electronic Games</manufacturer>
		<year>1986</year>
		<genre>Shoot-&apos;Em-Up</genre>
		<rating>Other - NR (Not Rated)</rating>
		<enabled>Yes</enabled>
	</game>
	<game name="Scrapyard Dog (USA)" index="true" image="s">
		<description>Scrapyard Dog (USA)</description>
		<cloneof></cloneof>
		<crc>db61ae81</crc>
		<manufacturer>BlueSky Software</manufacturer>
		<year>1990</year>
		<genre>Platform</genre>
		<rating>Other - NR (Not Rated)</rating>
		<enabled>Yes</enabled>
	</game>
	<game name="Sentinel (Europe)" index="" image="">
		<description>Sentinel (Europe)</description>
		<cloneof></cloneof>
		<crc>4c779065</crc>
		<manufacturer>Atari</manufacturer>
		<year>1991</year>
		<genre>Gun</genre>
		<rating>Other - NR (Not Rated)</rating>
		<enabled>Yes</enabled>
	</game>
	<game name="Summer Games (USA)" index="" image="">
		<description>Summer Games (USA)</description>
		<cloneof></cloneof>
		<crc>8e4cf69c</crc>
		<manufacturer>Epyx</manufacturer>
		<year>1987</year>
		<genre>Sports</genre>
		<rating>Other - NR (Not Rated)</rating>
		<enabled>Yes</enabled>
	</game>
	<game name="Super Huey UH-1X (USA)" index="" image="">
		<description>Super Huey UH-1X (USA)</description>
		<cloneof></cloneof>
		<crc>033a6058</crc>
		<manufacturer>Cosmi</manufacturer>
		<year>1988</year>
		<genre>Flying</genre>
		<rating>Other - NR (Not Rated)</rating>
		<enabled>Yes</enabled>
	</game>
	<game name="Super Skateboardin&apos; (USA)" index="" image="">
		<description>Super Skateboardin\&apos; (USA)</description>
		<cloneof></cloneof>
		<crc>faa12091</crc>
		<manufacturer>Absolute Entertainment</manufacturer>
		<year>1988</year>
		<genre>Sports/Skateboarding</genre>
		<rating>Other - NR (Not Rated)</rating>
		<enabled>Yes</enabled>
	</game>
	<game name="Tank Command (USA)" index="true" image="t">
		<description>Tank Command (USA)</description>
		<cloneof></cloneof>
		<crc>9ffc9515</crc>
		<manufacturer>Froggo Games</manufacturer>
		<year>1988</year>
		<genre>Shooter</genre>
		<rating>Other - NR (Not Rated)</rating>
		<enabled>Yes</enabled>
	</game>
	<game name="Title Match Pro Wrestling (USA)" index="" image="">
		<description>Title Match Pro Wrestling (USA)</description>
		<cloneof></cloneof>
		<crc>a5742a96</crc>
		<manufacturer>Absolute Entertainment</manufacturer>
		<year>1989</year>
		<genre>Sports/Wrestling</genre>
		<rating>Other - NR (Not Rated)</rating>
		<enabled>Yes</enabled>
	</game>
	<game name="Tomcat - The F-14 Fighter Simulator (USA)" index="" image="">
		<description>Tomcat - The F-14 Fighter Simulator (USA)</description>
		<cloneof></cloneof>
		<crc>ab48f361</crc>
		<manufacturer>Absolute Entertainment</manufacturer>
		<year>1989</year>
		<genre>Flying</genre>
		<rating>Other - NR (Not Rated)</rating>
		<enabled>Yes</enabled>
	</game>
	<game name="Touchdown Football (USA)" index="" image="">
		<description>Touchdown Football (USA)</description>
		<cloneof></cloneof>
		<crc>4162e98f</crc>
		<manufacturer>Imagic</manufacturer>
		<year>1988</year>
		<genre>Sports/Football</genre>
		<rating>Other - NR (Not Rated)</rating>
		<enabled>Yes</enabled>
	</game>
	<game name="Tower Toppler (USA)" index="" image="">
		<description>Tower Toppler (USA)</description>
		<cloneof></cloneof>
		<crc>f701bd43</crc>
		<manufacturer>Hewson</manufacturer>
		<year>1988</year>
		<genre>Action</genre>
		<rating>Other - NR (Not Rated)</rating>
		<enabled>Yes</enabled>
	</game>
	<game name="Water Ski (USA)" index="true" image="w">
		<description>Water Ski (USA)</description>
		<cloneof></cloneof>
		<crc>09a27634</crc>
		<manufacturer>Froggo Games</manufacturer>
		<year>1988</year>
		<genre>Sports</genre>
		<rating>Other - NR (Not Rated)</rating>
		<enabled>Yes</enabled>
	</game>
	<game name="Winter Games (USA)" index="" image="">
		<description>Winter Games (USA)</description>
		<cloneof></cloneof>
		<crc>12454060</crc>
		<manufacturer>Action Graphics</manufacturer>
		<year>1987</year>
		<genre>Sports</genre>
		<rating>Other - NR (Not Rated)</rating>
		<enabled>Yes</enabled>
	</game>
	<game name="Xenophobe (USA)" index="true" image="x">
		<description>Xenophobe (USA)</description>
		<cloneof></cloneof>
		<crc>96ee8584</crc>
		<manufacturer>Bally Midway</manufacturer>
		<year>1989</year>
		<genre>Action</genre>
		<rating>Other - NR (Not Rated)</rating>
		<enabled>Yes</enabled>
	</game>
	<game name="Xevious (USA)" index="" image="">
		<description>Xevious (USA)</description>
		<cloneof></cloneof>
		<crc>3f8507f3</crc>
		<manufacturer>Namco</manufacturer>
		<year>1988</year>
		<genre>Shoot-&apos;Em-Up</genre>
		<rating>Other - NR (Not Rated)</rating>
		<enabled>Yes</enabled>
	</game>
</menu>