<?xml version="1.0"?>
<menu>
	<header>
		<listname>NEC TurboGrafx-CD</listname>
		<lastlistupdate>03/06/2016</lastlistupdate>
		<listversion>1.2</listversion>
		<exporterversion>HyperList XML Exporter Version 1.3 Copywrite (c) 2009-2011 William Strong</exporterversion>
	</header>
	<game name="4 in 1 Super CD (USA)" index="true" image="4">
		<description>4 in 1 Super CD (USA)</description>
		<cloneof></cloneof>
		<crc></crc>
		<manufacturer>Hudson</manufacturer>
		<year>1992</year>
		<genre>Miscellaneous</genre>
		<rating>HSRS - GA (General Audience)</rating>
		<enabled>Yes</enabled>
	</game>
	<game name="Addams Family, The (USA)" index="true" image="a">
		<description>Addams Family, The (USA)</description>
		<cloneof></cloneof>
		<crc></crc>
		<manufacturer>Turbo Technologies, Inc.</manufacturer>
		<year>1991</year>
		<genre>Platform</genre>
		<rating>HSRS - GA (General Audience)</rating>
		<enabled>Yes</enabled>
	</game>
	<game name="Beyond Shadowgate (USA)" index="true" image="b">
		<description>Beyond Shadowgate (USA)</description>
		<cloneof></cloneof>
		<crc></crc>
		<manufacturer>Turbo Technologies, Inc.</manufacturer>
		<year>1993</year>
		<genre>Adventure</genre>
		<rating>HSRS - GA (General Audience)</rating>
		<enabled>Yes</enabled>
	</game>
	<game name="Bonk 3 - Bonk&apos;s Big Adventure (USA)" index="" image="">
		<description>Bonk 3 - Bonk&apos;s Big Adventure (USA)</description>
		<cloneof></cloneof>
		<crc></crc>
		<manufacturer>Turbo Technologies, Inc.</manufacturer>
		<year>1994</year>
		<genre>Platform</genre>
		<rating>HSRS - GA (General Audience)</rating>
		<enabled>Yes</enabled>
	</game>
	<game name="Buster Bros. (USA)" index="" image="">
		<description>Buster Bros. (USA)</description>
		<cloneof></cloneof>
		<crc></crc>
		<manufacturer>Hudson</manufacturer>
		<year>1993</year>
		<genre>Action</genre>
		<rating>HSRS - GA (General Audience)</rating>
		<enabled>Yes</enabled>
	</game>
	<game name="Camp California (USA)" index="true" image="c">
		<description>Camp California (USA)</description>
		<cloneof></cloneof>
		<crc></crc>
		<manufacturer>Turbo Technologies, Inc.</manufacturer>
		<year>1993</year>
		<genre>Platform</genre>
		<rating>HSRS - GA (General Audience)</rating>
		<enabled>Yes</enabled>
	</game>
	<game name="Cosmic Fantasy 2 (USA)" index="" image="">
		<description>Cosmic Fantasy 2 (USA)</description>
		<cloneof></cloneof>
		<crc></crc>
		<manufacturer>Working Designs</manufacturer>
		<year>1992</year>
		<genre>Role-Playing</genre>
		<rating>HSRS - GA (General Audience)</rating>
		<enabled>Yes</enabled>
	</game>
	<game name="Cotton - Fantastic Night Dreams (USA)" index="" image="">
		<description>Cotton - Fantastic Night Dreams (USA)</description>
		<cloneof></cloneof>
		<crc></crc>
		<manufacturer>Hudson</manufacturer>
		<year>1993</year>
		<genre>Shoot-&apos;Em-Up</genre>
		<rating>HSRS - GA (General Audience)</rating>
		<enabled>Yes</enabled>
	</game>
	<game name="Dragon Slayer - The Legend of Heroes (USA)" index="true" image="d">
		<description>Dragon Slayer - The Legend of Heroes (USA)</description>
		<cloneof></cloneof>
		<crc></crc>
		<manufacturer>Hudson</manufacturer>
		<year>1991</year>
		<genre>Role-Playing</genre>
		<rating>HSRS - GA (General Audience)</rating>
		<enabled>Yes</enabled>
	</game>
	<game name="Dungeon Explorer II (USA)" index="" image="">
		<description>Dungeon Explorer II (USA)</description>
		<cloneof></cloneof>
		<crc></crc>
		<manufacturer>Hudson</manufacturer>
		<year>1993</year>
		<genre>Role-Playing</genre>
		<rating>HSRS - GA (General Audience)</rating>
		<enabled>Yes</enabled>
	</game>
	<game name="Dungeon Master - Theron&apos;s Quest (USA)" index="" image="">
		<description>Dungeon Master - Theron&apos;s Quest (USA)</description>
		<cloneof></cloneof>
		<crc></crc>
		<manufacturer>Turbo Technologies, Inc.</manufacturer>
		<year>1993</year>
		<genre>Role-Playing</genre>
		<rating>HSRS - GA (General Audience)</rating>
		<enabled>Yes</enabled>
	</game>
	<game name="Dynastic Hero, The (USA)" index="" image="">
		<description>Dynastic Hero, The (USA)</description>
		<cloneof></cloneof>
		<crc></crc>
		<manufacturer>Turbo Technologies, Inc.</manufacturer>
		<year>1993</year>
		<genre>Role-Playing</genre>
		<rating>HSRS - GA (General Audience)</rating>
		<enabled>Yes</enabled>
	</game>
	<game name="Exile (USA)" index="true" image="e">
		<description>Exile (USA)</description>
		<cloneof></cloneof>
		<crc></crc>
		<manufacturer>Working Designs</manufacturer>
		<year>1992</year>
		<genre>Role-Playing</genre>
		<rating>HSRS - GA (General Audience)</rating>
		<enabled>Yes</enabled>
	</game>
	<game name="Exile 2 - Wicked Phenomenon (USA)" index="" image="">
		<description>Exile 2 - Wicked Phenomenon (USA)</description>
		<cloneof></cloneof>
		<crc></crc>
		<manufacturer>Working Designs</manufacturer>
		<year>1993</year>
		<genre>Role-Playing</genre>
		<rating>HSRS - GA (General Audience)</rating>
		<enabled>Yes</enabled>
	</game>
	<game name="Fantasy Star Soldier (USA)" index="true" image="f">
		<description>Fantasy Star Soldier (USA)</description>
		<cloneof></cloneof>
		<crc></crc>
		<manufacturer>Hudson</manufacturer>
		<year>1992</year>
		<genre>Shoot-&apos;Em-Up</genre>
		<rating>HSRS - GA (General Audience)</rating>
		<enabled>Yes</enabled>
	</game>
	<game name="Fighting Street (USA)" index="" image="">
		<description>Fighting Street (USA)</description>
		<cloneof></cloneof>
		<crc></crc>
		<manufacturer>NEC</manufacturer>
		<year>1989</year>
		<genre>Fighter</genre>
		<rating>HSRS - GA (General Audience)</rating>
		<enabled>Yes</enabled>
	</game>
	<game name="Final Zone II (USA)" index="" image="">
		<description>Final Zone II (USA)</description>
		<cloneof></cloneof>
		<crc></crc>
		<manufacturer>Nippon Telenet</manufacturer>
		<year>1990</year>
		<genre>Shoot-&apos;Em-Up</genre>
		<rating>HSRS - GA (General Audience)</rating>
		<enabled>Yes</enabled>
	</game>
	<game name="Forgotten Worlds (USA)" index="" image="">
		<description>Forgotten Worlds (USA)</description>
		<cloneof></cloneof>
		<crc></crc>
		<manufacturer>NEC</manufacturer>
		<year>1992</year>
		<genre>Shoot-&apos;Em-Up</genre>
		<rating>HSRS - GA (General Audience)</rating>
		<enabled>Yes</enabled>
	</game>
	<game name="Godzilla (USA)" index="true" image="g">
		<description>Godzilla (USA)</description>
		<cloneof></cloneof>
		<crc></crc>
		<manufacturer>Turbo Technologies, Inc.</manufacturer>
		<year>1993</year>
		<genre>Action</genre>
		<rating>HSRS - GA (General Audience)</rating>
		<enabled>Yes</enabled>
	</game>
	<game name="Implode (USA)" index="true" image="i">
		<description>Implode (USA)</description>
		<cloneof></cloneof>
		<crc></crc>
		<manufacturer>Mindrec Communications</manufacturer>
		<year>2002</year>
		<genre>Puzzle</genre>
		<rating>HSRS - GA (General Audience)</rating>
		<enabled>Yes</enabled>
	</game>
	<game name="It Came From The Desert (USA)" index="" image="">
		<description>It Came From The Desert (USA)</description>
		<cloneof></cloneof>
		<crc></crc>
		<manufacturer>Cinemaware</manufacturer>
		<year>1991</year>
		<genre>Action</genre>
		<rating>HSRS - GA (General Audience)</rating>
		<enabled>Yes</enabled>
	</game>
	<game name="J. B. Harold Murder Club (USA)" index="true" image="j">
		<description>J. B. Harold Murder Club (USA)</description>
		<cloneof></cloneof>
		<crc></crc>
		<manufacturer>NEC</manufacturer>
		<year>1991</year>
		<genre>Adventure</genre>
		<rating>HSRS - GA (General Audience)</rating>
		<enabled>Yes</enabled>
	</game>
	<game name="Jack Nicklaus Turbo Golf (USA)" index="" image="">
		<description>Jack Nicklaus Turbo Golf (USA)</description>
		<cloneof></cloneof>
		<crc></crc>
		<manufacturer>Accolade</manufacturer>
		<year>1992</year>
		<genre>Sports/Golf</genre>
		<rating>HSRS - GA (General Audience)</rating>
		<enabled>Yes</enabled>
	</game>
	<game name="John Madden Duo CD Football (USA)" index="" image="">
		<description>John Madden Duo CD Football (USA)</description>
		<cloneof></cloneof>
		<crc></crc>
		<manufacturer>Hudson</manufacturer>
		<year>1993</year>
		<genre>Sports/Football</genre>
		<rating>HSRS - GA (General Audience)</rating>
		<enabled>Yes</enabled>
	</game>
	<game name="Last Alert (USA)" index="true" image="l">
		<description>Last Alert (USA)</description>
		<cloneof></cloneof>
		<crc></crc>
		<manufacturer>NEC Interchannel</manufacturer>
		<year>1990</year>
		<genre>Action</genre>
		<rating>HSRS - GA (General Audience)</rating>
		<enabled>Yes</enabled>
	</game>
	<game name="Loom (USA)" index="" image="">
		<description>Loom (USA)</description>
		<cloneof></cloneof>
		<crc></crc>
		<manufacturer>NEC</manufacturer>
		<year>1992</year>
		<genre>Adventure</genre>
		<rating>HSRS - GA (General Audience)</rating>
		<enabled>Yes</enabled>
	</game>
	<game name="Lords of the Rising Sun (USA)" index="" image="">
		<description>Lords of the Rising Sun (USA)</description>
		<cloneof></cloneof>
		<crc></crc>
		<manufacturer>NEC</manufacturer>
		<year>1992</year>
		<genre>Strategy</genre>
		<rating>HSRS - GA (General Audience)</rating>
		<enabled>Yes</enabled>
	</game>
	<game name="Lords of Thunder (USA)" index="" image="">
		<description>Lords of Thunder (USA)</description>
		<cloneof></cloneof>
		<crc></crc>
		<manufacturer>Turbo Technologies, Inc.</manufacturer>
		<year>1993</year>
		<genre>Shoot-&apos;Em-Up</genre>
		<rating>HSRS - GA (General Audience)</rating>
		<enabled>Yes</enabled>
	</game>
	<game name="Magical Dinosaur Tour (USA)" index="true" image="m">
		<description>Magical Dinosaur Tour (USA)</description>
		<cloneof></cloneof>
		<crc></crc>
		<manufacturer>NEC</manufacturer>
		<year>1990</year>
		<genre>Miscellaneous</genre>
		<rating>HSRS - GA (General Audience)</rating>
		<enabled>Yes</enabled>
	</game>
	<game name="Might and Magic III - Isles of Terra (USA)" index="" image="">
		<description>Might and Magic III - Isles of Terra (USA)</description>
		<cloneof></cloneof>
		<crc></crc>
		<manufacturer>Hudson</manufacturer>
		<year>1993</year>
		<genre>Role-Playing</genre>
		<rating>HSRS - GA (General Audience)</rating>
		<enabled>Yes</enabled>
	</game>
	<game name="Prince of Persia (USA)" index="true" image="p">
		<description>Prince of Persia (USA)</description>
		<cloneof></cloneof>
		<crc></crc>
		<manufacturer>Turbo Technologies, Inc.</manufacturer>
		<year>1992</year>
		<genre>Platform</genre>
		<rating>HSRS - GA (General Audience)</rating>
		<enabled>Yes</enabled>
	</game>
	<game name="Riot Zone (USA)" index="true" image="r">
		<description>Riot Zone (USA)</description>
		<cloneof></cloneof>
		<crc></crc>
		<manufacturer>Turbo Technologies, Inc.</manufacturer>
		<year>1992</year>
		<genre>Beat-&apos;Em-Up</genre>
		<rating>HSRS - GA (General Audience)</rating>
		<enabled>Yes</enabled>
	</game>
	<game name="Shadow of the Beast (USA)" index="true" image="s">
		<description>Shadow of the Beast (USA)</description>
		<cloneof></cloneof>
		<crc></crc>
		<manufacturer>Turbo Technologies, Inc.</manufacturer>
		<year>1992</year>
		<genre>Action</genre>
		<rating>HSRS - GA (General Audience)</rating>
		<enabled>Yes</enabled>
	</game>
	<game name="Shape Shifter (USA)" index="" image="">
		<description>Shape Shifter (USA)</description>
		<cloneof></cloneof>
		<crc></crc>
		<manufacturer>Turbo Technologies, Inc.</manufacturer>
		<year>1993</year>
		<genre>Action</genre>
		<rating>HSRS - GA (General Audience)</rating>
		<enabled>Yes</enabled>
	</game>
	<game name="Sherlock Holmes Consulting Detective (USA)" index="" image="">
		<description>Sherlock Holmes Consulting Detective (USA)</description>
		<cloneof></cloneof>
		<crc></crc>
		<manufacturer>NEC Interchannel</manufacturer>
		<year>1991</year>
		<genre>Adventure</genre>
		<rating>HSRS - GA (General Audience)</rating>
		<enabled>Yes</enabled>
	</game>
	<game name="Sherlock Holmes Consulting Detective Vol 2 (USA)" index="" image="">
		<description>Sherlock Holmes Consulting Detective Vol 2 (USA)</description>
		<cloneof></cloneof>
		<crc></crc>
		<manufacturer>Turbo Technologies, Inc.</manufacturer>
		<year>1993</year>
		<genre>Adventure</genre>
		<rating>HSRS - GA (General Audience)</rating>
		<enabled>Yes</enabled>
	</game>
	<game name="Sim Earth - The Living Planet (USA)" index="" image="">
		<description>Sim Earth - The Living Planet (USA)</description>
		<cloneof></cloneof>
		<crc></crc>
		<manufacturer>Hudson</manufacturer>
		<year>1993</year>
		<genre>Strategy</genre>
		<rating>HSRS - GA (General Audience)</rating>
		<enabled>Yes</enabled>
	</game>
	<game name="Splash Lake (USA)" index="" image="">
		<description>Splash Lake (USA)</description>
		<cloneof></cloneof>
		<crc></crc>
		<manufacturer>NEC Avenue</manufacturer>
		<year>1992</year>
		<genre>Puzzle</genre>
		<rating>HSRS - GA (General Audience)</rating>
		<enabled>Yes</enabled>
	</game>
	<game name="Super Air Zonk (USA)" index="" image="">
		<description>Super Air Zonk (USA)</description>
		<cloneof></cloneof>
		<crc></crc>
		<manufacturer>Hudson Soft</manufacturer>
		<year>1993</year>
		<genre>Shoot-&apos;Em-Up</genre>
		<rating>HSRS - GA (General Audience)</rating>
		<enabled>Yes</enabled>
	</game>
	<game name="Syd Mead&apos;s Terra Forming (USA)" index="" image="">
		<description>Syd Mead&apos;s Terra Forming (USA)</description>
		<cloneof></cloneof>
		<crc></crc>
		<manufacturer>Turbo Technologies, Inc.</manufacturer>
		<year>1993</year>
		<genre>Shoot-&apos;Em-Up</genre>
		<rating>HSRS - GA (General Audience)</rating>
		<enabled>Yes</enabled>
	</game>
	<game name="Valis II (USA)" index="true" image="v">
		<description>Valis II (USA)</description>
		<cloneof></cloneof>
		<crc></crc>
		<manufacturer>NEC</manufacturer>
		<year>1990</year>
		<genre>Action</genre>
		<rating>HSRS - GA (General Audience)</rating>
		<enabled>Yes</enabled>
	</game>
	<game name="Valis III (USA)" index="" image="">
		<description>Valis III (USA)</description>
		<cloneof></cloneof>
		<crc></crc>
		<manufacturer>Turbo Technologies, Inc.</manufacturer>
		<year>1992</year>
		<genre>Action</genre>
		<rating>HSRS - GA (General Audience)</rating>
		<enabled>Yes</enabled>
	</game>
	<game name="Vasteel (USA)" index="" image="">
		<description>Vasteel (USA)</description>
		<cloneof></cloneof>
		<crc></crc>
		<manufacturer>Working Designs</manufacturer>
		<year>1993</year>
		<genre>Strategy</genre>
		<rating>HSRS - GA (General Audience)</rating>
		<enabled>Yes</enabled>
	</game>
	<game name="Wonder Boy III - Monster Lair (USA)" index="true" image="w">
		<description>Wonder Boy III - Monster Lair (USA)</description>
		<cloneof></cloneof>
		<crc></crc>
		<manufacturer>NEC</manufacturer>
		<year>1989</year>
		<genre>Action</genre>
		<rating>HSRS - GA (General Audience)</rating>
		<enabled>Yes</enabled>
	</game>
	<game name="Ys Book I &amp; II - Ancient Ys Vanished (USA)" index="true" image="y">
		<description>Ys Book I &amp; II - Ancient Ys Vanished (USA)</description>
		<cloneof></cloneof>
		<crc></crc>
		<manufacturer>Hudson</manufacturer>
		<year>1989</year>
		<genre>Role-Playing</genre>
		<rating>HSRS - GA (General Audience)</rating>
		<enabled>Yes</enabled>
	</game>
	<game name="Ys III - Wanderers from Ys (USA)" index="" image="">
		<description>Ys III - Wanderers from Ys (USA)</description>
		<cloneof></cloneof>
		<crc></crc>
		<manufacturer>NEC</manufacturer>
		<year>1991</year>
		<genre>Role-Playing</genre>
		<rating>HSRS - GA (General Audience)</rating>
		<enabled>Yes</enabled>
	</game>
</menu>