<?xml version="1.0"?>
<menu>
	<header>
		<listname>NEC SuperGrafx</listname>
		<lastlistupdate>03/06/2016</lastlistupdate>
		<listversion>1.0 </listversion>
		<exporterversion>HyperList XML Exporter Version 1.3 Copywrite (c) 2009-2011 William Strong</exporterversion>
	</header>
	<game name="1941 - Counter Attack (Japan)" index="true" image="1">
		<description>1941 - Counter Attack (Japan)</description>
		<cloneof></cloneof>
		<crc>8C4588E2</crc>
		<manufacturer>Capcom</manufacturer>
		<year>1991</year>
		<genre>Shooter</genre>
		<rating>HSRS - GA (General Audience)</rating>
		<enabled>Yes</enabled>
	</game>
	<game name="Aldynes (Japan)" index="true" image="a">
		<description>Aldynes (Japan)</description>
		<cloneof></cloneof>
		<crc>4C2126B0</crc>
		<manufacturer>Hudson Soft</manufacturer>
		<year>1991</year>
		<genre>Shooter</genre>
		<rating>HSRS - GA (General Audience)</rating>
		<enabled>Yes</enabled>
	</game>
	<game name="Battle Ace (Japan)" index="true" image="b">
		<description>Battle Ace (Japan)</description>
		<cloneof></cloneof>
		<crc>3B13AF61</crc>
		<manufacturer>Hudson Soft</manufacturer>
		<year>1989</year>
		<genre>Shooter</genre>
		<rating>HSRS - GA (General Audience)</rating>
		<enabled>Yes</enabled>
	</game>
	<game name="Dai Makaimura (Japan)" index="true" image="d">
		<description>Dai Makaimura (Japan)</description>
		<cloneof></cloneof>
		<crc>B486A8ED</crc>
		<manufacturer>NEC Avenue</manufacturer>
		<year>1990</year>
		<genre>Action</genre>
		<rating>HSRS - GA (General Audience)</rating>
		<enabled>Yes</enabled>
	</game>
	<game name="Madou Ou Granzort (Japan)" index="true" image="m">
		<description>Madou Ou Granzort (Japan)</description>
		<cloneof></cloneof>
		<crc>1F041166</crc>
		<manufacturer>Hudson Soft</manufacturer>
		<year>1990</year>
		<genre>Action</genre>
		<rating>HSRS - GA (General Audience)</rating>
		<enabled>Yes</enabled>
	</game>
</menu>