<?xml version="1.0"?>
<menu>
	<header>
		<listname>NEC PC Engine</listname>
		<lastlistupdate>03/09/2016</lastlistupdate>
		<listversion>1.3</listversion>
		<exporterversion>HyperList XML Exporter Version 1.3 Copywrite (c) 2009-2011 William Strong</exporterversion>
	</header>
	<game name="1943 Kai (Japan)" index="true" image="1">
		<description>1943 Kai</description>
		<cloneof></cloneof>
		<crc></crc>
		<manufacturer></manufacturer>
		<year></year>
		<genre></genre>
		<rating>Other - NR (Not Rated)</rating>
		<enabled>Yes</enabled>
	</game>
	<game name="21 Emon - Mezase Hotel Ou!! (Japan)" index="true" image="2">
		<description>21 Emon - Mezase Hotel Ou!!</description>
		<cloneof></cloneof>
		<crc></crc>
		<manufacturer></manufacturer>
		<year></year>
		<genre></genre>
		<rating>Other - NR (Not Rated)</rating>
		<enabled>Yes</enabled>
	</game>
	<game name="Adventure Island (Japan)" index="true" image="a">
		<description>Adventure Island</description>
		<cloneof></cloneof>
		<crc></crc>
		<manufacturer></manufacturer>
		<year></year>
		<genre></genre>
		<rating>Other - NR (Not Rated)</rating>
		<enabled>Yes</enabled>
	</game>
	<game name="Aero Blasters (Japan)" index="" image="">
		<description>Aero Blasters</description>
		<cloneof></cloneof>
		<crc></crc>
		<manufacturer></manufacturer>
		<year></year>
		<genre></genre>
		<rating>Other - NR (Not Rated)</rating>
		<enabled>Yes</enabled>
	</game>
	<game name="After Burner II (Japan)" index="" image="">
		<description>After Burner II</description>
		<cloneof></cloneof>
		<crc></crc>
		<manufacturer></manufacturer>
		<year></year>
		<genre></genre>
		<rating>Other - NR (Not Rated)</rating>
		<enabled>Yes</enabled>
	</game>
	<game name="Alien Crush (Japan)" index="" image="">
		<description>Alien Crush</description>
		<cloneof></cloneof>
		<crc></crc>
		<manufacturer></manufacturer>
		<year></year>
		<genre></genre>
		<rating>Other - NR (Not Rated)</rating>
		<enabled>Yes</enabled>
	</game>
	<game name="Ankoku Densetsu (Japan)" index="" image="">
		<description>Ankoku Densetsu</description>
		<cloneof></cloneof>
		<crc></crc>
		<manufacturer></manufacturer>
		<year></year>
		<genre></genre>
		<rating>Other - NR (Not Rated)</rating>
		<enabled>Yes</enabled>
	</game>
	<game name="Aoi Blink (Japan) (Translated En)" index="" image="">
		<description>Aoi Blink (Japan) (Translated En)</description>
		<cloneof></cloneof>
		<crc>25D34A20</crc>
		<manufacturer>West One</manufacturer>
		<year>1990</year>
		<genre>Action</genre>
		<rating>Other - NR (Not Rated)</rating>
		<enabled>Yes</enabled>
	</game>
	<game name="Appare Gateball (Japan)" index="" image="">
		<description>Appare Gateball</description>
		<cloneof></cloneof>
		<crc></crc>
		<manufacturer></manufacturer>
		<year></year>
		<genre></genre>
		<rating>Other - NR (Not Rated)</rating>
		<enabled>Yes</enabled>
	</game>
	<game name="Armed Formation F (Japan)" index="" image="">
		<description>Armed Formation F</description>
		<cloneof></cloneof>
		<crc></crc>
		<manufacturer></manufacturer>
		<year></year>
		<genre></genre>
		<rating>Other - NR (Not Rated)</rating>
		<enabled>Yes</enabled>
	</game>
	<game name="Artist Tool (Japan)" index="" image="">
		<description>Artist Tool</description>
		<cloneof></cloneof>
		<crc></crc>
		<manufacturer></manufacturer>
		<year></year>
		<genre></genre>
		<rating>Other - NR (Not Rated)</rating>
		<enabled>Yes</enabled>
	</game>
	<game name="Atomic Robo-Kid Special (Japan)" index="" image="">
		<description>Atomic Robo-Kid Special</description>
		<cloneof></cloneof>
		<crc></crc>
		<manufacturer></manufacturer>
		<year></year>
		<genre></genre>
		<rating>Other - NR (Not Rated)</rating>
		<enabled>Yes</enabled>
	</game>
	<game name="AV Poker (Japan)" index="" image="">
		<description>AV Poker</description>
		<cloneof></cloneof>
		<crc></crc>
		<manufacturer></manufacturer>
		<year></year>
		<genre></genre>
		<rating>Other - NR (Not Rated)</rating>
		<enabled>Yes</enabled>
	</game>
	<game name="AV Poker World Gambler (Japan)" index="" image="">
		<description>AV Poker World Gambler</description>
		<cloneof></cloneof>
		<crc>B866D282</crc>
		<manufacturer>Games Express</manufacturer>
		<year>1992</year>
		<genre>Casino</genre>
		<rating>Other - NR (Not Rated)</rating>
		<enabled>Yes</enabled>
	</game>
	<game name="Ballistix (Japan)" index="true" image="b">
		<description>Ballistix</description>
		<cloneof></cloneof>
		<crc></crc>
		<manufacturer></manufacturer>
		<year></year>
		<genre></genre>
		<rating>Other - NR (Not Rated)</rating>
		<enabled>Yes</enabled>
	</game>
	<game name="Bari Bari Densetsu (Japan)" index="" image="">
		<description>Bari Bari Densetsu</description>
		<cloneof></cloneof>
		<crc></crc>
		<manufacturer></manufacturer>
		<year></year>
		<genre></genre>
		<rating>Other - NR (Not Rated)</rating>
		<enabled>Yes</enabled>
	</game>
	<game name="Barunba (Japan)" index="" image="">
		<description>Barunba</description>
		<cloneof></cloneof>
		<crc></crc>
		<manufacturer></manufacturer>
		<year></year>
		<genre></genre>
		<rating>Other - NR (Not Rated)</rating>
		<enabled>Yes</enabled>
	</game>
	<game name="Batman (Japan)" index="" image="">
		<description>Batman</description>
		<cloneof></cloneof>
		<crc></crc>
		<manufacturer></manufacturer>
		<year></year>
		<genre></genre>
		<rating>Other - NR (Not Rated)</rating>
		<enabled>Yes</enabled>
	</game>
	<game name="Battle Lode Runner (Japan)" index="" image="">
		<description>Battle Lode Runner</description>
		<cloneof></cloneof>
		<crc></crc>
		<manufacturer></manufacturer>
		<year></year>
		<genre></genre>
		<rating>Other - NR (Not Rated)</rating>
		<enabled>Yes</enabled>
	</game>
	<game name="Be Ball (Japan)" index="" image="">
		<description>Be Ball</description>
		<cloneof></cloneof>
		<crc></crc>
		<manufacturer></manufacturer>
		<year></year>
		<genre></genre>
		<rating>Other - NR (Not Rated)</rating>
		<enabled>Yes</enabled>
	</game>
	<game name="Benkei Gaiden (Japan)" index="" image="">
		<description>Benkei Gaiden</description>
		<cloneof></cloneof>
		<crc></crc>
		<manufacturer></manufacturer>
		<year></year>
		<genre></genre>
		<rating>Other - NR (Not Rated)</rating>
		<enabled>Yes</enabled>
	</game>
	<game name="Bikkuriman World (Japan) (Translated En)" index="" image="">
		<description>Bikkuriman World (Japan) (Translated En)</description>
		<cloneof></cloneof>
		<crc>02DB6FE5</crc>
		<manufacturer>West One</manufacturer>
		<year>1987</year>
		<genre>Action</genre>
		<rating>Other - NR (Not Rated)</rating>
		<enabled>Yes</enabled>
	</game>
	<game name="Blodia (Japan)" index="" image="">
		<description>Blodia</description>
		<cloneof></cloneof>
		<crc></crc>
		<manufacturer></manufacturer>
		<year></year>
		<genre></genre>
		<rating>Other - NR (Not Rated)</rating>
		<enabled>Yes</enabled>
	</game>
	<game name="Body Conquest II (Japan)" index="" image="">
		<description>Body Conquest II</description>
		<cloneof></cloneof>
		<crc></crc>
		<manufacturer></manufacturer>
		<year></year>
		<genre></genre>
		<rating>Other - NR (Not Rated)</rating>
		<enabled>Yes</enabled>
	</game>
	<game name="Bomberman (Japan)" index="" image="">
		<description>Bomberman</description>
		<cloneof></cloneof>
		<crc></crc>
		<manufacturer></manufacturer>
		<year></year>
		<genre></genre>
		<rating>Other - NR (Not Rated)</rating>
		<enabled>Yes</enabled>
	</game>
	<game name="Bomberman &apos;93 (Japan)" index="" image="">
		<description>Bomberman &apos;93</description>
		<cloneof></cloneof>
		<crc></crc>
		<manufacturer></manufacturer>
		<year></year>
		<genre></genre>
		<rating>Other - NR (Not Rated)</rating>
		<enabled>Yes</enabled>
	</game>
	<game name="Bomberman &apos;94 (Japan)" index="" image="">
		<description>Bomberman &apos;94</description>
		<cloneof></cloneof>
		<crc></crc>
		<manufacturer></manufacturer>
		<year></year>
		<genre></genre>
		<rating>Other - NR (Not Rated)</rating>
		<enabled>Yes</enabled>
	</game>
	<game name="Bomberman - Users Battle (Japan)" index="" image="">
		<description>Bomberman - Users Battle</description>
		<cloneof></cloneof>
		<crc>1489FA51</crc>
		<manufacturer>Hudson</manufacturer>
		<year>1990</year>
		<genre>Puzzle</genre>
		<rating>Other - NR (Not Rated)</rating>
		<enabled>Yes</enabled>
	</game>
	<game name="Bouken Danshaku Don - The Lost Sunheart (Japan)" index="" image="">
		<description>Bouken Danshaku Don - The Lost Sunheart</description>
		<cloneof></cloneof>
		<crc></crc>
		<manufacturer></manufacturer>
		<year></year>
		<genre></genre>
		<rating>Other - NR (Not Rated)</rating>
		<enabled>Yes</enabled>
	</game>
	<game name="Break In (Japan)" index="" image="">
		<description>Break In</description>
		<cloneof></cloneof>
		<crc></crc>
		<manufacturer></manufacturer>
		<year></year>
		<genre></genre>
		<rating>Other - NR (Not Rated)</rating>
		<enabled>Yes</enabled>
	</game>
	<game name="Bubblegum Crash! - Knight Sabers 2034 (Japan)" index="" image="">
		<description>Bubblegum Crash! - Knight Sabers 2034</description>
		<cloneof></cloneof>
		<crc></crc>
		<manufacturer></manufacturer>
		<year></year>
		<genre></genre>
		<rating>Other - NR (Not Rated)</rating>
		<enabled>Yes</enabled>
	</game>
	<game name="Bull Fight - Ring no Haja (Japan)" index="" image="">
		<description>Bull Fight - Ring no Haja</description>
		<cloneof></cloneof>
		<crc></crc>
		<manufacturer></manufacturer>
		<year></year>
		<genre></genre>
		<rating>Other - NR (Not Rated)</rating>
		<enabled>Yes</enabled>
	</game>
	<game name="Burning Angels (Japan)" index="" image="">
		<description>Burning Angels</description>
		<cloneof></cloneof>
		<crc></crc>
		<manufacturer></manufacturer>
		<year></year>
		<genre></genre>
		<rating>Other - NR (Not Rated)</rating>
		<enabled>Yes</enabled>
	</game>
	<game name="Busou Keiji - Cyber Cross (Japan)" index="" image="">
		<description>Busou Keiji - Cyber Cross</description>
		<cloneof></cloneof>
		<crc></crc>
		<manufacturer></manufacturer>
		<year></year>
		<genre></genre>
		<rating>Other - NR (Not Rated)</rating>
		<enabled>Yes</enabled>
	</game>
	<game name="Cadash (Japan)" index="true" image="c">
		<description>Cadash</description>
		<cloneof></cloneof>
		<crc></crc>
		<manufacturer></manufacturer>
		<year></year>
		<genre></genre>
		<rating>Other - NR (Not Rated)</rating>
		<enabled>Yes</enabled>
	</game>
	<game name="Champion Wrestler (Japan)" index="" image="">
		<description>Champion Wrestler</description>
		<cloneof></cloneof>
		<crc></crc>
		<manufacturer></manufacturer>
		<year></year>
		<genre></genre>
		<rating>Other - NR (Not Rated)</rating>
		<enabled>Yes</enabled>
	</game>
	<game name="Chibi Maruko Chan - Quiz de Piihyara (Japan)" index="" image="">
		<description>Chibi Maruko Chan - Quiz de Piihyara</description>
		<cloneof></cloneof>
		<crc></crc>
		<manufacturer></manufacturer>
		<year></year>
		<genre></genre>
		<rating>Other - NR (Not Rated)</rating>
		<enabled>Yes</enabled>
	</game>
	<game name="Chikudenya Toubei - Kubikiri Yakata Yori (Japan)" index="" image="">
		<description>Chikudenya Toubei - Kubikiri Yakata Yori</description>
		<cloneof></cloneof>
		<crc></crc>
		<manufacturer></manufacturer>
		<year></year>
		<genre></genre>
		<rating>Other - NR (Not Rated)</rating>
		<enabled>Yes</enabled>
	</game>
	<game name="Chouzetsu Rinjin - Bravoman (Japan)" index="" image="">
		<description>Chouzetsu Rinjin - Bravoman</description>
		<cloneof></cloneof>
		<crc></crc>
		<manufacturer></manufacturer>
		<year></year>
		<genre></genre>
		<rating>Other - NR (Not Rated)</rating>
		<enabled>Yes</enabled>
	</game>
	<game name="Circus Lido (Japan)" index="" image="">
		<description>Circus Lido</description>
		<cloneof></cloneof>
		<crc></crc>
		<manufacturer></manufacturer>
		<year></year>
		<genre></genre>
		<rating>Other - NR (Not Rated)</rating>
		<enabled>Yes</enabled>
	</game>
	<game name="City Hunter (Japan)" index="" image="">
		<description>City Hunter</description>
		<cloneof></cloneof>
		<crc></crc>
		<manufacturer></manufacturer>
		<year></year>
		<genre></genre>
		<rating>Other - NR (Not Rated)</rating>
		<enabled>Yes</enabled>
	</game>
	<game name="Columns (Japan)" index="" image="">
		<description>Columns</description>
		<cloneof></cloneof>
		<crc></crc>
		<manufacturer></manufacturer>
		<year></year>
		<genre></genre>
		<rating>Other - NR (Not Rated)</rating>
		<enabled>Yes</enabled>
	</game>
	<game name="Coryoon - Child of Dragon (Japan)" index="" image="">
		<description>Coryoon - Child of Dragon</description>
		<cloneof></cloneof>
		<crc></crc>
		<manufacturer></manufacturer>
		<year></year>
		<genre></genre>
		<rating>Other - NR (Not Rated)</rating>
		<enabled>Yes</enabled>
	</game>
	<game name="Cross Wiber - Cyber Combat Police (Japan)" index="" image="">
		<description>Cross Wiber - Cyber Combat Police</description>
		<cloneof></cloneof>
		<crc></crc>
		<manufacturer></manufacturer>
		<year></year>
		<genre></genre>
		<rating>Other - NR (Not Rated)</rating>
		<enabled>Yes</enabled>
	</game>
	<game name="Cyber Core (Japan)" index="" image="">
		<description>Cyber Core</description>
		<cloneof></cloneof>
		<crc></crc>
		<manufacturer></manufacturer>
		<year></year>
		<genre></genre>
		<rating>Other - NR (Not Rated)</rating>
		<enabled>Yes</enabled>
	</game>
	<game name="Cyber Dodge (Japan)" index="" image="">
		<description>Cyber Dodge</description>
		<cloneof></cloneof>
		<crc></crc>
		<manufacturer></manufacturer>
		<year></year>
		<genre></genre>
		<rating>Other - NR (Not Rated)</rating>
		<enabled>Yes</enabled>
	</game>
	<game name="Cyber Knight (Japan)" index="" image="">
		<description>Cyber Knight</description>
		<cloneof></cloneof>
		<crc></crc>
		<manufacturer></manufacturer>
		<year></year>
		<genre></genre>
		<rating>Other - NR (Not Rated)</rating>
		<enabled>Yes</enabled>
	</game>
	<game name="Dai Senpu (Japan)" index="true" image="d">
		<description>Dai Senpu</description>
		<cloneof></cloneof>
		<crc></crc>
		<manufacturer></manufacturer>
		<year></year>
		<genre></genre>
		<rating>Other - NR (Not Rated)</rating>
		<enabled>Yes</enabled>
	</game>
	<game name="Daichi Kun Crisis - Do Natural (Japan)" index="" image="">
		<description>Daichi Kun Crisis - Do Natural</description>
		<cloneof></cloneof>
		<crc></crc>
		<manufacturer></manufacturer>
		<year></year>
		<genre></genre>
		<rating>Other - NR (Not Rated)</rating>
		<enabled>Yes</enabled>
	</game>
	<game name="Darius Alpha (Japan)" index="" image="">
		<description>Darius Alpha</description>
		<cloneof></cloneof>
		<crc></crc>
		<manufacturer></manufacturer>
		<year></year>
		<genre></genre>
		<rating>Other - NR (Not Rated)</rating>
		<enabled>Yes</enabled>
	</game>
	<game name="Darius Plus (Japan)" index="" image="">
		<description>Darius Plus</description>
		<cloneof></cloneof>
		<crc></crc>
		<manufacturer></manufacturer>
		<year></year>
		<genre></genre>
		<rating>Other - NR (Not Rated)</rating>
		<enabled>Yes</enabled>
	</game>
	<game name="Dead Moon (Japan)" index="" image="">
		<description>Dead Moon</description>
		<cloneof></cloneof>
		<crc></crc>
		<manufacturer></manufacturer>
		<year></year>
		<genre></genre>
		<rating>Other - NR (Not Rated)</rating>
		<enabled>Yes</enabled>
	</game>
	<game name="Deep Blue - Kaitei Shinwa (Japan)" index="" image="">
		<description>Deep Blue - Kaitei Shinwa</description>
		<cloneof></cloneof>
		<crc></crc>
		<manufacturer></manufacturer>
		<year></year>
		<genre></genre>
		<rating>Other - NR (Not Rated)</rating>
		<enabled>Yes</enabled>
	</game>
	<game name="Detana!! TwinBee (Japan)" index="" image="">
		<description>Detana!! TwinBee</description>
		<cloneof></cloneof>
		<crc></crc>
		<manufacturer></manufacturer>
		<year></year>
		<genre></genre>
		<rating>Other - NR (Not Rated)</rating>
		<enabled>Yes</enabled>
	</game>
	<game name="Devil Crash - Naxat Pinball (Japan)" index="" image="">
		<description>Devil Crash - Naxat Pinball</description>
		<cloneof></cloneof>
		<crc></crc>
		<manufacturer></manufacturer>
		<year></year>
		<genre></genre>
		<rating>Other - NR (Not Rated)</rating>
		<enabled>Yes</enabled>
	</game>
	<game name="Die Hard (Japan)" index="" image="">
		<description>Die Hard</description>
		<cloneof></cloneof>
		<crc></crc>
		<manufacturer></manufacturer>
		<year></year>
		<genre></genre>
		<rating>Other - NR (Not Rated)</rating>
		<enabled>Yes</enabled>
	</game>
	<game name="Digital Champ (Japan)" index="" image="">
		<description>Digital Champ</description>
		<cloneof></cloneof>
		<crc></crc>
		<manufacturer></manufacturer>
		<year></year>
		<genre></genre>
		<rating>Other - NR (Not Rated)</rating>
		<enabled>Yes</enabled>
	</game>
	<game name="Don Doko Don! (Japan)" index="" image="">
		<description>Don Doko Don!</description>
		<cloneof></cloneof>
		<crc></crc>
		<manufacturer></manufacturer>
		<year></year>
		<genre></genre>
		<rating>Other - NR (Not Rated)</rating>
		<enabled>Yes</enabled>
	</game>
	<game name="Doraemon - Meikyuu Dai Sakusen (Japan)" index="" image="">
		<description>Doraemon - Meikyuu Dai Sakusen</description>
		<cloneof></cloneof>
		<crc></crc>
		<manufacturer></manufacturer>
		<year></year>
		<genre></genre>
		<rating>Other - NR (Not Rated)</rating>
		<enabled>Yes</enabled>
	</game>
	<game name="Doraemon - Nobita no Dorabian Night (Japan)" index="" image="">
		<description>Doraemon - Nobita no Dorabian Night</description>
		<cloneof></cloneof>
		<crc></crc>
		<manufacturer></manufacturer>
		<year></year>
		<genre></genre>
		<rating>Other - NR (Not Rated)</rating>
		<enabled>Yes</enabled>
	</game>
	<game name="Double Dungeons - W (Japan)" index="" image="">
		<description>Double Dungeons - W</description>
		<cloneof></cloneof>
		<crc></crc>
		<manufacturer></manufacturer>
		<year></year>
		<genre></genre>
		<rating>Other - NR (Not Rated)</rating>
		<enabled>Yes</enabled>
	</game>
	<game name="Download (Japan)" index="" image="">
		<description>Download</description>
		<cloneof></cloneof>
		<crc></crc>
		<manufacturer></manufacturer>
		<year></year>
		<genre></genre>
		<rating>Other - NR (Not Rated)</rating>
		<enabled>Yes</enabled>
	</game>
	<game name="Dragon Egg! (Japan)" index="" image="">
		<description>Dragon Egg!</description>
		<cloneof></cloneof>
		<crc></crc>
		<manufacturer></manufacturer>
		<year></year>
		<genre></genre>
		<rating>Other - NR (Not Rated)</rating>
		<enabled>Yes</enabled>
	</game>
	<game name="Dragon Saber - After Story of Dragon Spirit (Japan)" index="" image="">
		<description>Dragon Saber - After Story of Dragon Spirit</description>
		<cloneof></cloneof>
		<crc></crc>
		<manufacturer></manufacturer>
		<year></year>
		<genre></genre>
		<rating>Other - NR (Not Rated)</rating>
		<enabled>Yes</enabled>
	</game>
	<game name="Dragon Spirit (Japan)" index="" image="">
		<description>Dragon Spirit</description>
		<cloneof></cloneof>
		<crc></crc>
		<manufacturer></manufacturer>
		<year></year>
		<genre></genre>
		<rating>Other - NR (Not Rated)</rating>
		<enabled>Yes</enabled>
	</game>
	<game name="Drop Rock Hora Hora (Japan)" index="" image="">
		<description>Drop Rock Hora Hora</description>
		<cloneof></cloneof>
		<crc></crc>
		<manufacturer></manufacturer>
		<year></year>
		<genre></genre>
		<rating>Other - NR (Not Rated)</rating>
		<enabled>Yes</enabled>
	</game>
	<game name="Dungeon Explorer (Japan)" index="" image="">
		<description>Dungeon Explorer</description>
		<cloneof></cloneof>
		<crc></crc>
		<manufacturer></manufacturer>
		<year></year>
		<genre></genre>
		<rating>Other - NR (Not Rated)</rating>
		<enabled>Yes</enabled>
	</game>
	<game name="Energy (Japan)" index="true" image="e">
		<description>Energy</description>
		<cloneof></cloneof>
		<crc></crc>
		<manufacturer></manufacturer>
		<year></year>
		<genre></genre>
		<rating>Other - NR (Not Rated)</rating>
		<enabled>Yes</enabled>
	</game>
	<game name="F-1 Dream (Japan)" index="true" image="f">
		<description>F-1 Dream</description>
		<cloneof></cloneof>
		<crc></crc>
		<manufacturer></manufacturer>
		<year></year>
		<genre></genre>
		<rating>Other - NR (Not Rated)</rating>
		<enabled>Yes</enabled>
	</game>
	<game name="F-1 Pilot - You&apos;re King of Kings (Japan)" index="" image="">
		<description>F-1 Pilot - You&apos;re King of Kings</description>
		<cloneof></cloneof>
		<crc></crc>
		<manufacturer></manufacturer>
		<year></year>
		<genre></genre>
		<rating>Other - NR (Not Rated)</rating>
		<enabled>Yes</enabled>
	</game>
	<game name="F1 Circus (Japan)" index="" image="">
		<description>F1 Circus</description>
		<cloneof></cloneof>
		<crc></crc>
		<manufacturer></manufacturer>
		<year></year>
		<genre></genre>
		<rating>Other - NR (Not Rated)</rating>
		<enabled>Yes</enabled>
	</game>
	<game name="F1 Circus &apos;91 - World Championship (Japan)" index="" image="">
		<description>F1 Circus &apos;91 - World Championship</description>
		<cloneof></cloneof>
		<crc></crc>
		<manufacturer></manufacturer>
		<year></year>
		<genre></genre>
		<rating>Other - NR (Not Rated)</rating>
		<enabled>Yes</enabled>
	</game>
	<game name="F1 Circus &apos;92 - The Speed of Sound (Japan)" index="" image="">
		<description>F1 Circus &apos;92 - The Speed of Sound</description>
		<cloneof></cloneof>
		<crc></crc>
		<manufacturer></manufacturer>
		<year></year>
		<genre></genre>
		<rating>Other - NR (Not Rated)</rating>
		<enabled>Yes</enabled>
	</game>
	<game name="F1 Triple Battle (Japan)" index="" image="">
		<description>F1 Triple Battle</description>
		<cloneof></cloneof>
		<crc></crc>
		<manufacturer></manufacturer>
		<year></year>
		<genre></genre>
		<rating>Other - NR (Not Rated)</rating>
		<enabled>Yes</enabled>
	</game>
	<game name="Fantasy Zone (Japan)" index="" image="">
		<description>Fantasy Zone</description>
		<cloneof></cloneof>
		<crc></crc>
		<manufacturer></manufacturer>
		<year></year>
		<genre></genre>
		<rating>Other - NR (Not Rated)</rating>
		<enabled>Yes</enabled>
	</game>
	<game name="Fighting Run (Japan)" index="" image="">
		<description>Fighting Run</description>
		<cloneof></cloneof>
		<crc></crc>
		<manufacturer></manufacturer>
		<year></year>
		<genre></genre>
		<rating>Other - NR (Not Rated)</rating>
		<enabled>Yes</enabled>
	</game>
	<game name="Final Blaster (Japan)" index="" image="">
		<description>Final Blaster</description>
		<cloneof></cloneof>
		<crc></crc>
		<manufacturer></manufacturer>
		<year></year>
		<genre></genre>
		<rating>Other - NR (Not Rated)</rating>
		<enabled>Yes</enabled>
	</game>
	<game name="Final Lap Twin (Japan)" index="" image="">
		<description>Final Lap Twin</description>
		<cloneof></cloneof>
		<crc></crc>
		<manufacturer></manufacturer>
		<year></year>
		<genre></genre>
		<rating>Other - NR (Not Rated)</rating>
		<enabled>Yes</enabled>
	</game>
	<game name="Final Match Tennis (Japan)" index="" image="">
		<description>Final Match Tennis</description>
		<cloneof></cloneof>
		<crc></crc>
		<manufacturer></manufacturer>
		<year></year>
		<genre></genre>
		<rating>Other - NR (Not Rated)</rating>
		<enabled>Yes</enabled>
	</game>
	<game name="Final Soldier (Japan)" index="" image="">
		<description>Final Soldier</description>
		<cloneof></cloneof>
		<crc></crc>
		<manufacturer></manufacturer>
		<year></year>
		<genre></genre>
		<rating>Other - NR (Not Rated)</rating>
		<enabled>Yes</enabled>
	</game>
	<game name="Fire Pro Wrestling - Combination Tag (Japan)" index="" image="">
		<description>Fire Pro Wrestling - Combination Tag</description>
		<cloneof></cloneof>
		<crc></crc>
		<manufacturer></manufacturer>
		<year></year>
		<genre></genre>
		<rating>Other - NR (Not Rated)</rating>
		<enabled>Yes</enabled>
	</game>
	<game name="Fire Pro Wrestling 2 - 2nd Bout (Japan)" index="" image="">
		<description>Fire Pro Wrestling 2 - 2nd Bout</description>
		<cloneof></cloneof>
		<crc></crc>
		<manufacturer></manufacturer>
		<year></year>
		<genre></genre>
		<rating>Other - NR (Not Rated)</rating>
		<enabled>Yes</enabled>
	</game>
	<game name="Fire Pro Wrestling 3 - Legend Bout (Japan)" index="" image="">
		<description>Fire Pro Wrestling 3 - Legend Bout</description>
		<cloneof></cloneof>
		<crc></crc>
		<manufacturer></manufacturer>
		<year></year>
		<genre></genre>
		<rating>Other - NR (Not Rated)</rating>
		<enabled>Yes</enabled>
	</game>
	<game name="Formation Soccer - Human Cup &apos;90 (Japan)" index="" image="">
		<description>Formation Soccer - Human Cup &apos;90</description>
		<cloneof></cloneof>
		<crc></crc>
		<manufacturer></manufacturer>
		<year></year>
		<genre></genre>
		<rating>Other - NR (Not Rated)</rating>
		<enabled>Yes</enabled>
	</game>
	<game name="Formation Soccer - On J-League (Japan)" index="" image="">
		<description>Formation Soccer - On J-League</description>
		<cloneof></cloneof>
		<crc>7146027C</crc>
		<manufacturer>Human Entertainment</manufacturer>
		<year>1994</year>
		<genre>Sports/Soccer</genre>
		<rating>Other - NR (Not Rated)</rating>
		<enabled>Yes</enabled>
	</game>
	<game name="Fushigi no Yume no Alice (Japan)" index="" image="">
		<description>Fushigi no Yume no Alice</description>
		<cloneof></cloneof>
		<crc></crc>
		<manufacturer></manufacturer>
		<year></year>
		<genre></genre>
		<rating>Other - NR (Not Rated)</rating>
		<enabled>Yes</enabled>
	</game>
	<game name="Gaia no Monshou (Japan) (Translated En)" index="true" image="g">
		<description>Gaia no Monshou (Japan) (Translated En)</description>
		<cloneof></cloneof>
		<crc>8D782F5D</crc>
		<manufacturer>NCS</manufacturer>
		<year>1988</year>
		<genre>Strategy</genre>
		<rating>Other - NR (Not Rated)</rating>
		<enabled>Yes</enabled>
	</game>
	<game name="Galaga &apos;88 (Japan)" index="" image="">
		<description>Galaga &apos;88</description>
		<cloneof></cloneof>
		<crc></crc>
		<manufacturer></manufacturer>
		<year></year>
		<genre></genre>
		<rating>Other - NR (Not Rated)</rating>
		<enabled>Yes</enabled>
	</game>
	<game name="Ganbare! Golf Boys (Japan)" index="" image="">
		<description>Ganbare! Golf Boys</description>
		<cloneof></cloneof>
		<crc></crc>
		<manufacturer></manufacturer>
		<year></year>
		<genre></genre>
		<rating>Other - NR (Not Rated)</rating>
		<enabled>Yes</enabled>
	</game>
	<game name="Gekisha Boy (Japan) (Translated En)" index="" image="">
		<description>Gekisha Boy (Japan) (Translated En)</description>
		<cloneof></cloneof>
		<crc>9CFE7E17</crc>
		<manufacturer>Tomcat System</manufacturer>
		<year>1992</year>
		<genre>Action</genre>
		<rating>Other - NR (Not Rated)</rating>
		<enabled>Yes</enabled>
	</game>
	<game name="Genji Tsuushin Agedama (Japan)" index="" image="">
		<description>Genji Tsuushin Agedama</description>
		<cloneof></cloneof>
		<crc></crc>
		<manufacturer></manufacturer>
		<year></year>
		<genre></genre>
		<rating>Other - NR (Not Rated)</rating>
		<enabled>Yes</enabled>
	</game>
	<game name="Genpei Toumaden (Japan)" index="" image="">
		<description>Genpei Toumaden</description>
		<cloneof></cloneof>
		<crc></crc>
		<manufacturer></manufacturer>
		<year></year>
		<genre></genre>
		<rating>Other - NR (Not Rated)</rating>
		<enabled>Yes</enabled>
	</game>
	<game name="Genpei Toumaden Ni no Maki (Japan)" index="" image="">
		<description>Genpei Toumaden Ni no Maki</description>
		<cloneof></cloneof>
		<crc></crc>
		<manufacturer></manufacturer>
		<year></year>
		<genre></genre>
		<rating>Other - NR (Not Rated)</rating>
		<enabled>Yes</enabled>
	</game>
	<game name="Gokuraku! Chuuka Taisen (Japan)" index="" image="">
		<description>Gokuraku! Chuuka Taisen</description>
		<cloneof></cloneof>
		<crc></crc>
		<manufacturer></manufacturer>
		<year></year>
		<genre></genre>
		<rating>Other - NR (Not Rated)</rating>
		<enabled>Yes</enabled>
	</game>
	<game name="Gomola Speed (Japan)" index="" image="">
		<description>Gomola Speed</description>
		<cloneof></cloneof>
		<crc></crc>
		<manufacturer></manufacturer>
		<year></year>
		<genre></genre>
		<rating>Other - NR (Not Rated)</rating>
		<enabled>Yes</enabled>
	</game>
	<game name="Gradius (Japan)" index="" image="">
		<description>Gradius</description>
		<cloneof></cloneof>
		<crc></crc>
		<manufacturer></manufacturer>
		<year></year>
		<genre></genre>
		<rating>Other - NR (Not Rated)</rating>
		<enabled>Yes</enabled>
	</game>
	<game name="Gunhed (Japan)" index="" image="">
		<description>Gunhed</description>
		<cloneof></cloneof>
		<crc></crc>
		<manufacturer></manufacturer>
		<year></year>
		<genre></genre>
		<rating>Other - NR (Not Rated)</rating>
		<enabled>Yes</enabled>
	</game>
	<game name="Hana Taaka Daka! (Japan)" index="true" image="h">
		<description>Hana Taaka Daka!</description>
		<cloneof></cloneof>
		<crc></crc>
		<manufacturer></manufacturer>
		<year></year>
		<genre></genre>
		<rating>Other - NR (Not Rated)</rating>
		<enabled>Yes</enabled>
	</game>
	<game name="Hanii in the Sky (Japan)" index="" image="">
		<description>Hanii in the Sky</description>
		<cloneof></cloneof>
		<crc></crc>
		<manufacturer></manufacturer>
		<year></year>
		<genre></genre>
		<rating>Other - NR (Not Rated)</rating>
		<enabled>Yes</enabled>
	</game>
	<game name="Hanii on the Road (Japan)" index="" image="">
		<description>Hanii on the Road</description>
		<cloneof></cloneof>
		<crc></crc>
		<manufacturer></manufacturer>
		<year></year>
		<genre></genre>
		<rating>Other - NR (Not Rated)</rating>
		<enabled>Yes</enabled>
	</game>
	<game name="Hatris (Japan)" index="" image="">
		<description>Hatris</description>
		<cloneof></cloneof>
		<crc></crc>
		<manufacturer></manufacturer>
		<year></year>
		<genre></genre>
		<rating>Other - NR (Not Rated)</rating>
		<enabled>Yes</enabled>
	</game>
	<game name="Heavy Unit (Japan)" index="" image="">
		<description>Heavy Unit</description>
		<cloneof></cloneof>
		<crc></crc>
		<manufacturer></manufacturer>
		<year></year>
		<genre></genre>
		<rating>Other - NR (Not Rated)</rating>
		<enabled>Yes</enabled>
	</game>
	<game name="Hisou Kihei - Xserd (Japan)" index="" image="">
		<description>Hisou Kihei - Xserd</description>
		<cloneof></cloneof>
		<crc></crc>
		<manufacturer></manufacturer>
		<year></year>
		<genre></genre>
		<rating>Other - NR (Not Rated)</rating>
		<enabled>Yes</enabled>
	</game>
	<game name="Hit the Ice - VHL the Official Video Hockey League (Japan)" index="" image="">
		<description>Hit the Ice - VHL the Official Video Hockey League</description>
		<cloneof></cloneof>
		<crc></crc>
		<manufacturer></manufacturer>
		<year></year>
		<genre></genre>
		<rating>Other - NR (Not Rated)</rating>
		<enabled>Yes</enabled>
	</game>
	<game name="Honoo no Toukyuuji Dodge Danpei (Japan)" index="" image="">
		<description>Honoo no Toukyuuji Dodge Danpei</description>
		<cloneof></cloneof>
		<crc></crc>
		<manufacturer></manufacturer>
		<year></year>
		<genre></genre>
		<rating>Other - NR (Not Rated)</rating>
		<enabled>Yes</enabled>
	</game>
	<game name="Idol Hanafuda Fan Club (Japan)" index="true" image="i">
		<description>Idol Hanafuda Fan Club</description>
		<cloneof></cloneof>
		<crc></crc>
		<manufacturer></manufacturer>
		<year></year>
		<genre></genre>
		<rating>Other - NR (Not Rated)</rating>
		<enabled>Yes</enabled>
	</game>
	<game name="Image Fight (Japan)" index="" image="">
		<description>Image Fight</description>
		<cloneof></cloneof>
		<crc></crc>
		<manufacturer></manufacturer>
		<year></year>
		<genre></genre>
		<rating>Other - NR (Not Rated)</rating>
		<enabled>Yes</enabled>
	</game>
	<game name="J-League Greatest Eleven (Japan)" index="true" image="j">
		<description>J-League Greatest Eleven</description>
		<cloneof></cloneof>
		<crc>0AD97B04</crc>
		<manufacturer>Cream</manufacturer>
		<year>1993</year>
		<genre>Sports/Soccer</genre>
		<rating>Other - NR (Not Rated)</rating>
		<enabled>Yes</enabled>
	</game>
	<game name="J. League Greatest Eleven (Japan)" index="" image="">
		<description>J. League Greatest Eleven</description>
		<cloneof></cloneof>
		<crc></crc>
		<manufacturer></manufacturer>
		<year></year>
		<genre></genre>
		<rating>Other - NR (Not Rated)</rating>
		<enabled>Yes</enabled>
	</game>
	<game name="Jack Nicklaus&apos; Greatest 18 Holes of Major Championship Golf (Japan)" index="" image="">
		<description>Jack Nicklaus&apos; Greatest 18 Holes of Major Championship Golf</description>
		<cloneof></cloneof>
		<crc></crc>
		<manufacturer></manufacturer>
		<year></year>
		<genre></genre>
		<rating>Other - NR (Not Rated)</rating>
		<enabled>Yes</enabled>
	</game>
	<game name="Jackie Chan (Japan)" index="" image="">
		<description>Jackie Chan</description>
		<cloneof></cloneof>
		<crc></crc>
		<manufacturer></manufacturer>
		<year></year>
		<genre></genre>
		<rating>Other - NR (Not Rated)</rating>
		<enabled>Yes</enabled>
	</game>
	<game name="Jigoku Meguri (Japan)" index="" image="">
		<description>Jigoku Meguri</description>
		<cloneof></cloneof>
		<crc></crc>
		<manufacturer></manufacturer>
		<year></year>
		<genre></genre>
		<rating>Other - NR (Not Rated)</rating>
		<enabled>Yes</enabled>
	</game>
	<game name="Jinmu Denshou (Japan)" index="" image="">
		<description>Jinmu Denshou</description>
		<cloneof></cloneof>
		<crc></crc>
		<manufacturer></manufacturer>
		<year></year>
		<genre></genre>
		<rating>Other - NR (Not Rated)</rating>
		<enabled>Yes</enabled>
	</game>
	<game name="Juuouki (Japan)" index="" image="">
		<description>Juuouki</description>
		<cloneof></cloneof>
		<crc></crc>
		<manufacturer></manufacturer>
		<year></year>
		<genre></genre>
		<rating>Other - NR (Not Rated)</rating>
		<enabled>Yes</enabled>
	</game>
	<game name="Kaizou Choujin Shubibinman (Japan)" index="true" image="k">
		<description>Kaizou Choujin Shubibinman</description>
		<cloneof></cloneof>
		<crc></crc>
		<manufacturer></manufacturer>
		<year></year>
		<genre></genre>
		<rating>Other - NR (Not Rated)</rating>
		<enabled>Yes</enabled>
	</game>
	<game name="Kaizou Choujin Shubibinman 2 - Aratanaru Teki (Japan)" index="" image="">
		<description>Kaizou Choujin Shubibinman 2 - Aratanaru Teki</description>
		<cloneof></cloneof>
		<crc></crc>
		<manufacturer></manufacturer>
		<year></year>
		<genre></genre>
		<rating>Other - NR (Not Rated)</rating>
		<enabled>Yes</enabled>
	</game>
	<game name="Kato Chan &amp; Ken Chan (Japan)" index="" image="">
		<description>Kato Chan &amp; Ken Chan</description>
		<cloneof></cloneof>
		<crc></crc>
		<manufacturer></manufacturer>
		<year></year>
		<genre></genre>
		<rating>Other - NR (Not Rated)</rating>
		<enabled>Yes</enabled>
	</game>
	<game name="Kattobi! Takuhai Kun (Japan)" index="" image="">
		<description>Kattobi! Takuhai Kun</description>
		<cloneof></cloneof>
		<crc></crc>
		<manufacturer></manufacturer>
		<year></year>
		<genre></genre>
		<rating>Other - NR (Not Rated)</rating>
		<enabled>Yes</enabled>
	</game>
	<game name="KickBall (Japan)" index="" image="">
		<description>KickBall</description>
		<cloneof></cloneof>
		<crc></crc>
		<manufacturer></manufacturer>
		<year></year>
		<genre></genre>
		<rating>Other - NR (Not Rated)</rating>
		<enabled>Yes</enabled>
	</game>
	<game name="Kiki Kaikai (Japan)" index="" image="">
		<description>Kiki Kaikai</description>
		<cloneof></cloneof>
		<crc></crc>
		<manufacturer></manufacturer>
		<year></year>
		<genre></genre>
		<rating>Other - NR (Not Rated)</rating>
		<enabled>Yes</enabled>
	</game>
	<game name="King of Casino (Japan)" index="" image="">
		<description>King of Casino</description>
		<cloneof></cloneof>
		<crc></crc>
		<manufacturer></manufacturer>
		<year></year>
		<genre></genre>
		<rating>Other - NR (Not Rated)</rating>
		<enabled>Yes</enabled>
	</game>
	<game name="Klax (Japan)" index="" image="">
		<description>Klax</description>
		<cloneof></cloneof>
		<crc></crc>
		<manufacturer></manufacturer>
		<year></year>
		<genre></genre>
		<rating>Other - NR (Not Rated)</rating>
		<enabled>Yes</enabled>
	</game>
	<game name="Knight Rider Special (Japan)" index="" image="">
		<description>Knight Rider Special</description>
		<cloneof></cloneof>
		<crc></crc>
		<manufacturer></manufacturer>
		<year></year>
		<genre></genre>
		<rating>Other - NR (Not Rated)</rating>
		<enabled>Yes</enabled>
	</game>
	<game name="Kore ga Pro Yakyuu &apos;89 (Japan)" index="" image="">
		<description>Kore ga Pro Yakyuu &apos;89</description>
		<cloneof></cloneof>
		<crc></crc>
		<manufacturer></manufacturer>
		<year></year>
		<genre></genre>
		<rating>Other - NR (Not Rated)</rating>
		<enabled>Yes</enabled>
	</game>
	<game name="Kore ga Pro Yakyuu &apos;90 (Japan)" index="" image="">
		<description>Kore ga Pro Yakyuu &apos;90</description>
		<cloneof></cloneof>
		<crc></crc>
		<manufacturer></manufacturer>
		<year></year>
		<genre></genre>
		<rating>Other - NR (Not Rated)</rating>
		<enabled>Yes</enabled>
	</game>
	<game name="Kung Fu, The (Japan)" index="" image="">
		<description>Kung Fu, The</description>
		<cloneof></cloneof>
		<crc></crc>
		<manufacturer></manufacturer>
		<year></year>
		<genre></genre>
		<rating>Other - NR (Not Rated)</rating>
		<enabled>Yes</enabled>
	</game>
	<game name="Kyuukyoku Mahjong - Idol Graphics (Japan)" index="" image="">
		<description>Kyuukyoku Mahjong - Idol Graphics</description>
		<cloneof></cloneof>
		<crc></crc>
		<manufacturer></manufacturer>
		<year></year>
		<genre></genre>
		<rating>Other - NR (Not Rated)</rating>
		<enabled>Yes</enabled>
	</game>
	<game name="Kyuukyoku Mahjong II (Japan)" index="" image="">
		<description>Kyuukyoku Mahjong II</description>
		<cloneof></cloneof>
		<crc></crc>
		<manufacturer></manufacturer>
		<year></year>
		<genre></genre>
		<rating>Other - NR (Not Rated)</rating>
		<enabled>Yes</enabled>
	</game>
	<game name="Kyuukyoku Tiger (Japan)" index="" image="">
		<description>Kyuukyoku Tiger</description>
		<cloneof></cloneof>
		<crc></crc>
		<manufacturer></manufacturer>
		<year></year>
		<genre></genre>
		<rating>Other - NR (Not Rated)</rating>
		<enabled>Yes</enabled>
	</game>
	<game name="Lady Sword (Japan) (Translated En)" index="true" image="l">
		<description>Lady Sword (Japan) (Translated En)</description>
		<cloneof></cloneof>
		<crc>C556AA43</crc>
		<manufacturer>Hacker International</manufacturer>
		<year>1992</year>
		<genre>Role-Playing</genre>
		<rating>Other - NR (Not Rated)</rating>
		<enabled>Yes</enabled>
	</game>
	<game name="Legend of Hero Tonma (Japan)" index="" image="">
		<description>Legend of Hero Tonma</description>
		<cloneof></cloneof>
		<crc></crc>
		<manufacturer></manufacturer>
		<year></year>
		<genre></genre>
		<rating>Other - NR (Not Rated)</rating>
		<enabled>Yes</enabled>
	</game>
	<game name="Lode Runner - Lost Labyrinth (Japan) (Translated En)" index="" image="">
		<description>Lode Runner - Lost Labyrinth (Japan) (Translated En)</description>
		<cloneof></cloneof>
		<crc>A7C43940</crc>
		<manufacturer>Pack-In-Video</manufacturer>
		<year>1990</year>
		<genre>Puzzle</genre>
		<rating>Other - NR (Not Rated)</rating>
		<enabled>Yes</enabled>
	</game>
	<game name="Maerchen Maze (Japan) (Translated En)" index="true" image="m">
		<description>Maerchen Maze (Japan) (Translated En)</description>
		<cloneof></cloneof>
		<crc>281A77C7</crc>
		<manufacturer>Namco</manufacturer>
		<year>1990</year>
		<genre>Action</genre>
		<rating>Other - NR (Not Rated)</rating>
		<enabled>Yes</enabled>
	</game>
	<game name="Magical Chase (Japan)" index="" image="">
		<description>Magical Chase</description>
		<cloneof></cloneof>
		<crc></crc>
		<manufacturer></manufacturer>
		<year></year>
		<genre></genre>
		<rating>Other - NR (Not Rated)</rating>
		<enabled>Yes</enabled>
	</game>
	<game name="Mahjong Gakuen - Touma Soushirou Toujou (Japan)" index="" image="">
		<description>Mahjong Gakuen - Touma Soushirou Toujou</description>
		<cloneof></cloneof>
		<crc></crc>
		<manufacturer></manufacturer>
		<year></year>
		<genre></genre>
		<rating>Other - NR (Not Rated)</rating>
		<enabled>Yes</enabled>
	</game>
	<game name="Mahjong Gakuen Mild - Touma Soushirou Toujou (Japan)" index="" image="">
		<description>Mahjong Gakuen Mild - Touma Soushirou Toujou</description>
		<cloneof></cloneof>
		<crc></crc>
		<manufacturer></manufacturer>
		<year></year>
		<genre></genre>
		<rating>Other - NR (Not Rated)</rating>
		<enabled>Yes</enabled>
	</game>
	<game name="Mahjong Gokuu Special (Japan)" index="" image="">
		<description>Mahjong Gokuu Special</description>
		<cloneof></cloneof>
		<crc></crc>
		<manufacturer></manufacturer>
		<year></year>
		<genre></genre>
		<rating>Other - NR (Not Rated)</rating>
		<enabled>Yes</enabled>
	</game>
	<game name="Mahjong Haou Den - Kaiser&apos;s Quest (Japan)" index="" image="">
		<description>Mahjong Haou Den - Kaiser&apos;s Quest</description>
		<cloneof></cloneof>
		<crc></crc>
		<manufacturer></manufacturer>
		<year></year>
		<genre></genre>
		<rating>Other - NR (Not Rated)</rating>
		<enabled>Yes</enabled>
	</game>
	<game name="Mahjong Shikyaku Retsuden - Mahjong Wars (Japan)" index="" image="">
		<description>Mahjong Shikyaku Retsuden - Mahjong Wars</description>
		<cloneof></cloneof>
		<crc></crc>
		<manufacturer></manufacturer>
		<year></year>
		<genre></genre>
		<rating>Other - NR (Not Rated)</rating>
		<enabled>Yes</enabled>
	</game>
	<game name="Maison Ikkoku (Japan)" index="" image="">
		<description>Maison Ikkoku</description>
		<cloneof></cloneof>
		<crc></crc>
		<manufacturer></manufacturer>
		<year></year>
		<genre></genre>
		<rating>Other - NR (Not Rated)</rating>
		<enabled>Yes</enabled>
	</game>
	<game name="Majin Eiyuu Den Wataru (Japan)" index="" image="">
		<description>Majin Eiyuu Den Wataru</description>
		<cloneof></cloneof>
		<crc></crc>
		<manufacturer></manufacturer>
		<year></year>
		<genre></genre>
		<rating>Other - NR (Not Rated)</rating>
		<enabled>Yes</enabled>
	</game>
	<game name="Makai Hakken Den Shada (Japan)" index="" image="">
		<description>Makai Hakken Den Shada</description>
		<cloneof></cloneof>
		<crc></crc>
		<manufacturer></manufacturer>
		<year></year>
		<genre></genre>
		<rating>Other - NR (Not Rated)</rating>
		<enabled>Yes</enabled>
	</game>
	<game name="Makai Prince Dorabocchan (Japan)" index="" image="">
		<description>Makai Prince Dorabocchan</description>
		<cloneof></cloneof>
		<crc></crc>
		<manufacturer></manufacturer>
		<year></year>
		<genre></genre>
		<rating>Other - NR (Not Rated)</rating>
		<enabled>Yes</enabled>
	</game>
	<game name="Makyou Densetsu (Japan)" index="" image="">
		<description>Makyou Densetsu</description>
		<cloneof></cloneof>
		<crc></crc>
		<manufacturer></manufacturer>
		<year></year>
		<genre></genre>
		<rating>Other - NR (Not Rated)</rating>
		<enabled>Yes</enabled>
	</game>
	<game name="Maniac Pro-Wrestling - Ashita e no Tatakai (Japan)" index="" image="">
		<description>Maniac Pro-Wrestling - Ashita e no Tatakai</description>
		<cloneof></cloneof>
		<crc>99F2865C</crc>
		<manufacturer>Hudson</manufacturer>
		<year>1990</year>
		<genre>Sports/Wrestling</genre>
		<rating>Other - NR (Not Rated)</rating>
		<enabled>Yes</enabled>
	</game>
	<game name="Maniac Puroresu - Asu heno Tatakai (Japan)" index="" image="">
		<description>Maniac Puroresu - Asu heno Tatakai</description>
		<cloneof></cloneof>
		<crc></crc>
		<manufacturer></manufacturer>
		<year></year>
		<genre></genre>
		<rating>Other - NR (Not Rated)</rating>
		<enabled>Yes</enabled>
	</game>
	<game name="Mesopotamia (Japan)" index="" image="">
		<description>Mesopotamia</description>
		<cloneof></cloneof>
		<crc></crc>
		<manufacturer></manufacturer>
		<year></year>
		<genre></genre>
		<rating>Other - NR (Not Rated)</rating>
		<enabled>Yes</enabled>
	</game>
	<game name="Metal Stoker (Japan)" index="" image="">
		<description>Metal Stoker</description>
		<cloneof></cloneof>
		<crc></crc>
		<manufacturer></manufacturer>
		<year></year>
		<genre></genre>
		<rating>Other - NR (Not Rated)</rating>
		<enabled>Yes</enabled>
	</game>
	<game name="Mizubaku Dai Bouken (Japan)" index="" image="">
		<description>Mizubaku Dai Bouken</description>
		<cloneof></cloneof>
		<crc></crc>
		<manufacturer></manufacturer>
		<year></year>
		<genre></genre>
		<rating>Other - NR (Not Rated)</rating>
		<enabled>Yes</enabled>
	</game>
	<game name="Momotarou Densetsu Gaiden Dai 1 Shuu (Japan)" index="" image="">
		<description>Momotarou Densetsu Gaiden Dai 1 Shuu</description>
		<cloneof></cloneof>
		<crc></crc>
		<manufacturer></manufacturer>
		<year></year>
		<genre></genre>
		<rating>Other - NR (Not Rated)</rating>
		<enabled>Yes</enabled>
	</game>
	<game name="Momotarou Densetsu II (Japan)" index="" image="">
		<description>Momotarou Densetsu II</description>
		<cloneof></cloneof>
		<crc></crc>
		<manufacturer></manufacturer>
		<year></year>
		<genre></genre>
		<rating>Other - NR (Not Rated)</rating>
		<enabled>Yes</enabled>
	</game>
	<game name="Momotarou Densetsu Turbo (Japan)" index="" image="">
		<description>Momotarou Densetsu Turbo</description>
		<cloneof></cloneof>
		<crc></crc>
		<manufacturer></manufacturer>
		<year></year>
		<genre></genre>
		<rating>Other - NR (Not Rated)</rating>
		<enabled>Yes</enabled>
	</game>
	<game name="Momotarou Katsugeki (Japan)" index="" image="">
		<description>Momotarou Katsugeki</description>
		<cloneof></cloneof>
		<crc></crc>
		<manufacturer></manufacturer>
		<year></year>
		<genre></genre>
		<rating>Other - NR (Not Rated)</rating>
		<enabled>Yes</enabled>
	</game>
	<game name="Monster Pro Wrestling (Japan)" index="" image="">
		<description>Monster Pro Wrestling</description>
		<cloneof></cloneof>
		<crc>F2E46D25</crc>
		<manufacturer>Lenar</manufacturer>
		<year>1991</year>
		<genre>Sports/Wrestling</genre>
		<rating>Other - NR (Not Rated)</rating>
		<enabled>Yes</enabled>
	</game>
	<game name="Monster Puroresu (Japan)" index="" image="">
		<description>Monster Puroresu</description>
		<cloneof></cloneof>
		<crc></crc>
		<manufacturer></manufacturer>
		<year></year>
		<genre></genre>
		<rating>Other - NR (Not Rated)</rating>
		<enabled>Yes</enabled>
	</game>
	<game name="Morita Shougi PC (Japan)" index="" image="">
		<description>Morita Shougi PC</description>
		<cloneof></cloneof>
		<crc></crc>
		<manufacturer></manufacturer>
		<year></year>
		<genre></genre>
		<rating>Other - NR (Not Rated)</rating>
		<enabled>Yes</enabled>
	</game>
	<game name="Moto Roader (Japan)" index="" image="">
		<description>Moto Roader</description>
		<cloneof></cloneof>
		<crc></crc>
		<manufacturer></manufacturer>
		<year></year>
		<genre></genre>
		<rating>Other - NR (Not Rated)</rating>
		<enabled>Yes</enabled>
	</game>
	<game name="Moto Roader II (Japan)" index="" image="">
		<description>Moto Roader II</description>
		<cloneof></cloneof>
		<crc></crc>
		<manufacturer></manufacturer>
		<year></year>
		<genre></genre>
		<rating>Other - NR (Not Rated)</rating>
		<enabled>Yes</enabled>
	</game>
	<game name="Mr. Heli no Daibouken (Japan)" index="" image="">
		<description>Mr. Heli no Daibouken</description>
		<cloneof></cloneof>
		<crc></crc>
		<manufacturer></manufacturer>
		<year></year>
		<genre></genre>
		<rating>Other - NR (Not Rated)</rating>
		<enabled>Yes</enabled>
	</game>
	<game name="Narazumono Sentai Butai - Bloody Wolf (Japan)" index="true" image="n">
		<description>Narazumono Sentai Butai - Bloody Wolf</description>
		<cloneof></cloneof>
		<crc></crc>
		<manufacturer></manufacturer>
		<year></year>
		<genre></genre>
		<rating>Other - NR (Not Rated)</rating>
		<enabled>Yes</enabled>
	</game>
	<game name="Naxat Open (Japan)" index="" image="">
		<description>Naxat Open</description>
		<cloneof></cloneof>
		<crc></crc>
		<manufacturer></manufacturer>
		<year></year>
		<genre></genre>
		<rating>Other - NR (Not Rated)</rating>
		<enabled>Yes</enabled>
	</game>
	<game name="Naxat Stadium (Japan)" index="" image="">
		<description>Naxat Stadium</description>
		<cloneof></cloneof>
		<crc></crc>
		<manufacturer></manufacturer>
		<year></year>
		<genre></genre>
		<rating>Other - NR (Not Rated)</rating>
		<enabled>Yes</enabled>
	</game>
	<game name="Nazo no Mascarade (Japan)" index="" image="">
		<description>Nazo no Mascarade</description>
		<cloneof></cloneof>
		<crc></crc>
		<manufacturer></manufacturer>
		<year></year>
		<genre></genre>
		<rating>Other - NR (Not Rated)</rating>
		<enabled>Yes</enabled>
	</game>
	<game name="Necromancer (Japan)" index="" image="">
		<description>Necromancer</description>
		<cloneof></cloneof>
		<crc></crc>
		<manufacturer></manufacturer>
		<year></year>
		<genre></genre>
		<rating>Other - NR (Not Rated)</rating>
		<enabled>Yes</enabled>
	</game>
	<game name="Necros no Yousai (Japan)" index="" image="">
		<description>Necros no Yousai</description>
		<cloneof></cloneof>
		<crc></crc>
		<manufacturer></manufacturer>
		<year></year>
		<genre></genre>
		<rating>Other - NR (Not Rated)</rating>
		<enabled>Yes</enabled>
	</game>
	<game name="Nectaris (Japan)" index="" image="">
		<description>Nectaris</description>
		<cloneof></cloneof>
		<crc></crc>
		<manufacturer></manufacturer>
		<year></year>
		<genre></genre>
		<rating>Other - NR (Not Rated)</rating>
		<enabled>Yes</enabled>
	</game>
	<game name="Nekketsu Koukou Dodgeball Bu - PC Bangai Hen (Japan)" index="" image="">
		<description>Nekketsu Koukou Dodgeball Bu - PC Bangai Hen</description>
		<cloneof></cloneof>
		<crc></crc>
		<manufacturer></manufacturer>
		<year></year>
		<genre></genre>
		<rating>Other - NR (Not Rated)</rating>
		<enabled>Yes</enabled>
	</game>
	<game name="Nekketsu Koukou Dodgeball Bu - Soccer PC Hen (Japan)" index="" image="">
		<description>Nekketsu Koukou Dodgeball Bu - Soccer PC Hen</description>
		<cloneof></cloneof>
		<crc></crc>
		<manufacturer></manufacturer>
		<year></year>
		<genre></genre>
		<rating>Other - NR (Not Rated)</rating>
		<enabled>Yes</enabled>
	</game>
	<game name="Neutopia (Japan)" index="" image="">
		<description>Neutopia</description>
		<cloneof></cloneof>
		<crc></crc>
		<manufacturer></manufacturer>
		<year></year>
		<genre></genre>
		<rating>Other - NR (Not Rated)</rating>
		<enabled>Yes</enabled>
	</game>
	<game name="Neutopia II (Japan)" index="" image="">
		<description>Neutopia II</description>
		<cloneof></cloneof>
		<crc></crc>
		<manufacturer></manufacturer>
		<year></year>
		<genre></genre>
		<rating>Other - NR (Not Rated)</rating>
		<enabled>Yes</enabled>
	</game>
	<game name="New Zealand Story, The (Japan)" index="" image="">
		<description>New Zealand Story, The</description>
		<cloneof></cloneof>
		<crc></crc>
		<manufacturer></manufacturer>
		<year></year>
		<genre></genre>
		<rating>Other - NR (Not Rated)</rating>
		<enabled>Yes</enabled>
	</game>
	<game name="NHK Taiga Drama - Taiheiki (Japan)" index="" image="">
		<description>NHK Taiga Drama - Taiheiki</description>
		<cloneof></cloneof>
		<crc></crc>
		<manufacturer></manufacturer>
		<year></year>
		<genre></genre>
		<rating>Other - NR (Not Rated)</rating>
		<enabled>Yes</enabled>
	</game>
	<game name="Niko Niko Pun (Japan)" index="" image="">
		<description>Niko Niko Pun</description>
		<cloneof></cloneof>
		<crc></crc>
		<manufacturer></manufacturer>
		<year></year>
		<genre></genre>
		<rating>Other - NR (Not Rated)</rating>
		<enabled>Yes</enabled>
	</game>
	<game name="Ninja Ryuuken Den (Japan)" index="" image="">
		<description>Ninja Ryuuken Den</description>
		<cloneof></cloneof>
		<crc></crc>
		<manufacturer></manufacturer>
		<year></year>
		<genre></genre>
		<rating>Other - NR (Not Rated)</rating>
		<enabled>Yes</enabled>
	</game>
	<game name="Ninja Warriors, The (Japan)" index="" image="">
		<description>Ninja Warriors, The</description>
		<cloneof></cloneof>
		<crc></crc>
		<manufacturer></manufacturer>
		<year></year>
		<genre></genre>
		<rating>Other - NR (Not Rated)</rating>
		<enabled>Yes</enabled>
	</game>
	<game name="Obocchama Kun (Japan)" index="true" image="o">
		<description>Obocchama Kun</description>
		<cloneof></cloneof>
		<crc></crc>
		<manufacturer></manufacturer>
		<year></year>
		<genre></genre>
		<rating>Other - NR (Not Rated)</rating>
		<enabled>Yes</enabled>
	</game>
	<game name="Operation Wolf (Japan)" index="" image="">
		<description>Operation Wolf</description>
		<cloneof></cloneof>
		<crc></crc>
		<manufacturer></manufacturer>
		<year></year>
		<genre></genre>
		<rating>Other - NR (Not Rated)</rating>
		<enabled>Yes</enabled>
	</game>
	<game name="Ordyne (Japan)" index="" image="">
		<description>Ordyne</description>
		<cloneof></cloneof>
		<crc></crc>
		<manufacturer></manufacturer>
		<year></year>
		<genre></genre>
		<rating>Other - NR (Not Rated)</rating>
		<enabled>Yes</enabled>
	</game>
	<game name="Out Live (Japan)" index="" image="">
		<description>Out Live</description>
		<cloneof></cloneof>
		<crc></crc>
		<manufacturer></manufacturer>
		<year></year>
		<genre></genre>
		<rating>Other - NR (Not Rated)</rating>
		<enabled>Yes</enabled>
	</game>
	<game name="Out Run (Japan)" index="" image="">
		<description>Out Run</description>
		<cloneof></cloneof>
		<crc></crc>
		<manufacturer></manufacturer>
		<year></year>
		<genre></genre>
		<rating>Other - NR (Not Rated)</rating>
		<enabled>Yes</enabled>
	</game>
	<game name="Override (Japan)" index="" image="">
		<description>Override</description>
		<cloneof></cloneof>
		<crc></crc>
		<manufacturer></manufacturer>
		<year></year>
		<genre></genre>
		<rating>Other - NR (Not Rated)</rating>
		<enabled>Yes</enabled>
	</game>
	<game name="P-47 - The Freedom Fighter (Japan)" index="true" image="p">
		<description>P-47 - The Freedom Fighter</description>
		<cloneof></cloneof>
		<crc></crc>
		<manufacturer></manufacturer>
		<year></year>
		<genre></genre>
		<rating>Other - NR (Not Rated)</rating>
		<enabled>Yes</enabled>
	</game>
	<game name="Pac-Land (Japan)" index="" image="">
		<description>Pac-Land</description>
		<cloneof></cloneof>
		<crc></crc>
		<manufacturer></manufacturer>
		<year></year>
		<genre></genre>
		<rating>Other - NR (Not Rated)</rating>
		<enabled>Yes</enabled>
	</game>
	<game name="Pachio Kun - Juuban Shoubu (Japan)" index="" image="">
		<description>Pachio Kun - Juuban Shoubu</description>
		<cloneof></cloneof>
		<crc></crc>
		<manufacturer></manufacturer>
		<year></year>
		<genre></genre>
		<rating>Other - NR (Not Rated)</rating>
		<enabled>Yes</enabled>
	</game>
	<game name="Paranoia (Japan)" index="" image="">
		<description>Paranoia</description>
		<cloneof></cloneof>
		<crc></crc>
		<manufacturer></manufacturer>
		<year></year>
		<genre></genre>
		<rating>Other - NR (Not Rated)</rating>
		<enabled>Yes</enabled>
	</game>
	<game name="Parasol Stars - The Story of Bubble Bobble III (Japan)" index="" image="">
		<description>Parasol Stars - The Story of Bubble Bobble III</description>
		<cloneof></cloneof>
		<crc></crc>
		<manufacturer></manufacturer>
		<year></year>
		<genre></genre>
		<rating>Other - NR (Not Rated)</rating>
		<enabled>Yes</enabled>
	</game>
	<game name="Parodius da! - Shinwa Kara Owarai he (Japan)" index="" image="">
		<description>Parodius da! - Shinwa Kara Owarai he</description>
		<cloneof></cloneof>
		<crc></crc>
		<manufacturer></manufacturer>
		<year></year>
		<genre></genre>
		<rating>Other - NR (Not Rated)</rating>
		<enabled>Yes</enabled>
	</game>
	<game name="PC Denjin - Punkic Cyborgs (Japan)" index="" image="">
		<description>PC Denjin - Punkic Cyborgs</description>
		<cloneof></cloneof>
		<crc></crc>
		<manufacturer></manufacturer>
		<year></year>
		<genre></genre>
		<rating>Other - NR (Not Rated)</rating>
		<enabled>Yes</enabled>
	</game>
	<game name="PC Genjin - Pithecanthropus Computerurus (Japan)" index="" image="">
		<description>PC Genjin - Pithecanthropus Computerurus</description>
		<cloneof></cloneof>
		<crc></crc>
		<manufacturer></manufacturer>
		<year></year>
		<genre></genre>
		<rating>Other - NR (Not Rated)</rating>
		<enabled>Yes</enabled>
	</game>
	<game name="PC Genjin 2 - Pithecanthropus Computerurus (Japan)" index="" image="">
		<description>PC Genjin 2 - Pithecanthropus Computerurus</description>
		<cloneof></cloneof>
		<crc></crc>
		<manufacturer></manufacturer>
		<year></year>
		<genre></genre>
		<rating>Other - NR (Not Rated)</rating>
		<enabled>Yes</enabled>
	</game>
	<game name="PC Genjin 3 - Pithecanthropus Computerurus (Japan)" index="" image="">
		<description>PC Genjin 3 - Pithecanthropus Computerurus</description>
		<cloneof></cloneof>
		<crc></crc>
		<manufacturer></manufacturer>
		<year></year>
		<genre></genre>
		<rating>Other - NR (Not Rated)</rating>
		<enabled>Yes</enabled>
	</game>
	<game name="PC Pachi-Slot (Japan)" index="" image="">
		<description>PC Pachi-Slot</description>
		<cloneof></cloneof>
		<crc></crc>
		<manufacturer></manufacturer>
		<year></year>
		<genre></genre>
		<rating>Other - NR (Not Rated)</rating>
		<enabled>Yes</enabled>
	</game>
	<game name="Populous (Japan)" index="" image="">
		<description>Populous</description>
		<cloneof></cloneof>
		<crc></crc>
		<manufacturer></manufacturer>
		<year></year>
		<genre></genre>
		<rating>Other - NR (Not Rated)</rating>
		<enabled>Yes</enabled>
	</game>
	<game name="Power Drift (Japan)" index="" image="">
		<description>Power Drift</description>
		<cloneof></cloneof>
		<crc></crc>
		<manufacturer></manufacturer>
		<year></year>
		<genre></genre>
		<rating>Other - NR (Not Rated)</rating>
		<enabled>Yes</enabled>
	</game>
	<game name="Power Eleven (Japan)" index="" image="">
		<description>Power Eleven</description>
		<cloneof></cloneof>
		<crc></crc>
		<manufacturer></manufacturer>
		<year></year>
		<genre></genre>
		<rating>Other - NR (Not Rated)</rating>
		<enabled>Yes</enabled>
	</game>
	<game name="Power Gate (Japan)" index="" image="">
		<description>Power Gate</description>
		<cloneof></cloneof>
		<crc></crc>
		<manufacturer></manufacturer>
		<year></year>
		<genre></genre>
		<rating>Other - NR (Not Rated)</rating>
		<enabled>Yes</enabled>
	</game>
	<game name="Power Golf (Japan)" index="" image="">
		<description>Power Golf</description>
		<cloneof></cloneof>
		<crc></crc>
		<manufacturer></manufacturer>
		<year></year>
		<genre></genre>
		<rating>Other - NR (Not Rated)</rating>
		<enabled>Yes</enabled>
	</game>
	<game name="Power League (Japan)" index="" image="">
		<description>Power League</description>
		<cloneof></cloneof>
		<crc></crc>
		<manufacturer></manufacturer>
		<year></year>
		<genre></genre>
		<rating>Other - NR (Not Rated)</rating>
		<enabled>Yes</enabled>
	</game>
	<game name="Power League &apos;93 (Japan)" index="" image="">
		<description>Power League &apos;93</description>
		<cloneof></cloneof>
		<crc></crc>
		<manufacturer></manufacturer>
		<year></year>
		<genre></genre>
		<rating>Other - NR (Not Rated)</rating>
		<enabled>Yes</enabled>
	</game>
	<game name="Power League II (Japan)" index="" image="">
		<description>Power League II</description>
		<cloneof></cloneof>
		<crc></crc>
		<manufacturer></manufacturer>
		<year></year>
		<genre></genre>
		<rating>Other - NR (Not Rated)</rating>
		<enabled>Yes</enabled>
	</game>
	<game name="Power League III (Japan)" index="" image="">
		<description>Power League III</description>
		<cloneof></cloneof>
		<crc></crc>
		<manufacturer></manufacturer>
		<year></year>
		<genre></genre>
		<rating>Other - NR (Not Rated)</rating>
		<enabled>Yes</enabled>
	</game>
	<game name="Power League IV (Japan)" index="" image="">
		<description>Power League IV</description>
		<cloneof></cloneof>
		<crc></crc>
		<manufacturer></manufacturer>
		<year></year>
		<genre></genre>
		<rating>Other - NR (Not Rated)</rating>
		<enabled>Yes</enabled>
	</game>
	<game name="Power League V (Japan)" index="" image="">
		<description>Power League V</description>
		<cloneof></cloneof>
		<crc></crc>
		<manufacturer></manufacturer>
		<year></year>
		<genre></genre>
		<rating>Other - NR (Not Rated)</rating>
		<enabled>Yes</enabled>
	</game>
	<game name="Power Sports (Japan)" index="" image="">
		<description>Power Sports</description>
		<cloneof></cloneof>
		<crc></crc>
		<manufacturer></manufacturer>
		<year></year>
		<genre></genre>
		<rating>Other - NR (Not Rated)</rating>
		<enabled>Yes</enabled>
	</game>
	<game name="Power Tennis (Japan)" index="" image="">
		<description>Power Tennis</description>
		<cloneof></cloneof>
		<crc></crc>
		<manufacturer></manufacturer>
		<year></year>
		<genre></genre>
		<rating>Other - NR (Not Rated)</rating>
		<enabled>Yes</enabled>
	</game>
	<game name="Pro Tennis World Court (Japan)" index="" image="">
		<description>Pro Tennis World Court</description>
		<cloneof></cloneof>
		<crc></crc>
		<manufacturer></manufacturer>
		<year></year>
		<genre></genre>
		<rating>Other - NR (Not Rated)</rating>
		<enabled>Yes</enabled>
	</game>
	<game name="Pro Yakyuu World Stadium (Japan)" index="" image="">
		<description>Pro Yakyuu World Stadium</description>
		<cloneof></cloneof>
		<crc></crc>
		<manufacturer></manufacturer>
		<year></year>
		<genre></genre>
		<rating>Other - NR (Not Rated)</rating>
		<enabled>Yes</enabled>
	</game>
	<game name="Pro Yakyuu World Stadium &apos;91 (Japan)" index="" image="">
		<description>Pro Yakyuu World Stadium &apos;91</description>
		<cloneof></cloneof>
		<crc></crc>
		<manufacturer></manufacturer>
		<year></year>
		<genre></genre>
		<rating>Other - NR (Not Rated)</rating>
		<enabled>Yes</enabled>
	</game>
	<game name="Psycho Chaser (Japan)" index="" image="">
		<description>Psycho Chaser</description>
		<cloneof></cloneof>
		<crc></crc>
		<manufacturer></manufacturer>
		<year></year>
		<genre></genre>
		<rating>Other - NR (Not Rated)</rating>
		<enabled>Yes</enabled>
	</game>
	<game name="Puzzle Boy (Japan) (Translated En)" index="" image="">
		<description>Puzzle Boy (Japan) (Translated En)</description>
		<cloneof></cloneof>
		<crc>DA0E234F</crc>
		<manufacturer>Atlus</manufacturer>
		<year>1991</year>
		<genre>Puzzle</genre>
		<rating>Other - NR (Not Rated)</rating>
		<enabled>Yes</enabled>
	</game>
	<game name="Puzznic (Japan)" index="" image="">
		<description>Puzznic</description>
		<cloneof></cloneof>
		<crc></crc>
		<manufacturer></manufacturer>
		<year></year>
		<genre></genre>
		<rating>Other - NR (Not Rated)</rating>
		<enabled>Yes</enabled>
	</game>
	<game name="Quiz Toukou Shashin (Japan)" index="true" image="q">
		<description>Quiz Toukou Shashin</description>
		<cloneof></cloneof>
		<crc></crc>
		<manufacturer></manufacturer>
		<year></year>
		<genre></genre>
		<rating>Other - NR (Not Rated)</rating>
		<enabled>Yes</enabled>
	</game>
	<game name="R-Type Part-1 (Japan)" index="true" image="r">
		<description>R-Type Part-1</description>
		<cloneof></cloneof>
		<crc></crc>
		<manufacturer></manufacturer>
		<year></year>
		<genre></genre>
		<rating>Other - NR (Not Rated)</rating>
		<enabled>Yes</enabled>
	</game>
	<game name="R-Type Part-2 (Japan)" index="" image="">
		<description>R-Type Part-2</description>
		<cloneof></cloneof>
		<crc></crc>
		<manufacturer></manufacturer>
		<year></year>
		<genre></genre>
		<rating>Other - NR (Not Rated)</rating>
		<enabled>Yes</enabled>
	</game>
	<game name="Rabio Lepus Special (Japan)" index="" image="">
		<description>Rabio Lepus Special</description>
		<cloneof></cloneof>
		<crc></crc>
		<manufacturer></manufacturer>
		<year></year>
		<genre></genre>
		<rating>Other - NR (Not Rated)</rating>
		<enabled>Yes</enabled>
	</game>
	<game name="Racing Damashii (Japan)" index="" image="">
		<description>Racing Damashii</description>
		<cloneof></cloneof>
		<crc></crc>
		<manufacturer></manufacturer>
		<year></year>
		<genre></genre>
		<rating>Other - NR (Not Rated)</rating>
		<enabled>Yes</enabled>
	</game>
	<game name="Raiden (Japan)" index="" image="">
		<description>Raiden</description>
		<cloneof></cloneof>
		<crc></crc>
		<manufacturer></manufacturer>
		<year></year>
		<genre></genre>
		<rating>Other - NR (Not Rated)</rating>
		<enabled>Yes</enabled>
	</game>
	<game name="Rastan Saga II (Japan)" index="" image="">
		<description>Rastan Saga II</description>
		<cloneof></cloneof>
		<crc></crc>
		<manufacturer></manufacturer>
		<year></year>
		<genre></genre>
		<rating>Other - NR (Not Rated)</rating>
		<enabled>Yes</enabled>
	</game>
	<game name="Rock-On (Japan)" index="" image="">
		<description>Rock-On</description>
		<cloneof></cloneof>
		<crc></crc>
		<manufacturer></manufacturer>
		<year></year>
		<genre></genre>
		<rating>Other - NR (Not Rated)</rating>
		<enabled>Yes</enabled>
	</game>
	<game name="Ryuukyuu (Japan)" index="" image="">
		<description>Ryuukyuu (Japan)</description>
		<cloneof></cloneof>
		<crc>91E6896F</crc>
		<manufacturer>Sankindo</manufacturer>
		<year>1990</year>
		<genre>Puzzle</genre>
		<rating>Other - NR (Not Rated)</rating>
		<enabled>Yes</enabled>
	</game>
	<game name="Sadakichi 7 Series - Hideyoshi no Ougon (Japan)" index="true" image="s">
		<description>Sadakichi 7 Series - Hideyoshi no Ougon</description>
		<cloneof></cloneof>
		<crc></crc>
		<manufacturer></manufacturer>
		<year></year>
		<genre></genre>
		<rating>Other - NR (Not Rated)</rating>
		<enabled>Yes</enabled>
	</game>
	<game name="Saigo no Nindou - Ninja Spirit (Japan)" index="" image="">
		<description>Saigo no Nindou - Ninja Spirit</description>
		<cloneof></cloneof>
		<crc></crc>
		<manufacturer></manufacturer>
		<year></year>
		<genre></genre>
		<rating>Other - NR (Not Rated)</rating>
		<enabled>Yes</enabled>
	</game>
	<game name="Salamander (Japan)" index="" image="">
		<description>Salamander</description>
		<cloneof></cloneof>
		<crc></crc>
		<manufacturer></manufacturer>
		<year></year>
		<genre></genre>
		<rating>Other - NR (Not Rated)</rating>
		<enabled>Yes</enabled>
	</game>
	<game name="Sekigahara (Japan)" index="" image="">
		<description>Sekigahara</description>
		<cloneof></cloneof>
		<crc></crc>
		<manufacturer></manufacturer>
		<year></year>
		<genre></genre>
		<rating>Other - NR (Not Rated)</rating>
		<enabled>Yes</enabled>
	</game>
	<game name="Sengoku Mahjong (Japan)" index="" image="">
		<description>Sengoku Mahjong</description>
		<cloneof></cloneof>
		<crc></crc>
		<manufacturer></manufacturer>
		<year></year>
		<genre></genre>
		<rating>Other - NR (Not Rated)</rating>
		<enabled>Yes</enabled>
	</game>
	<game name="Shanghai (Japan) (Translated En)" index="" image="">
		<description>Shanghai (Japan) (Translated En)</description>
		<cloneof></cloneof>
		<crc>2E6B6200</crc>
		<manufacturer>Hudson</manufacturer>
		<year>1987</year>
		<genre>Puzzle</genre>
		<rating>Other - NR (Not Rated)</rating>
		<enabled>Yes</enabled>
	</game>
	<game name="Shinobi (Japan)" index="" image="">
		<description>Shinobi</description>
		<cloneof></cloneof>
		<crc></crc>
		<manufacturer></manufacturer>
		<year></year>
		<genre></genre>
		<rating>Other - NR (Not Rated)</rating>
		<enabled>Yes</enabled>
	</game>
	<game name="Shiryou Sensen (Japan)" index="" image="">
		<description>Shiryou Sensen</description>
		<cloneof></cloneof>
		<crc></crc>
		<manufacturer></manufacturer>
		<year></year>
		<genre></genre>
		<rating>Other - NR (Not Rated)</rating>
		<enabled>Yes</enabled>
	</game>
	<game name="Shougi Shodan Icchokusen (Japan)" index="" image="">
		<description>Shougi Shodan Icchokusen</description>
		<cloneof></cloneof>
		<crc></crc>
		<manufacturer></manufacturer>
		<year></year>
		<genre></genre>
		<rating>Other - NR (Not Rated)</rating>
		<enabled>Yes</enabled>
	</game>
	<game name="Shougi Shoshinsha Muyou (Japan)" index="" image="">
		<description>Shougi Shoshinsha Muyou</description>
		<cloneof></cloneof>
		<crc></crc>
		<manufacturer></manufacturer>
		<year></year>
		<genre></genre>
		<rating>Other - NR (Not Rated)</rating>
		<enabled>Yes</enabled>
	</game>
	<game name="SideArms - Hyper Dyne (Japan)" index="" image="">
		<description>SideArms - Hyper Dyne</description>
		<cloneof></cloneof>
		<crc></crc>
		<manufacturer></manufacturer>
		<year></year>
		<genre></genre>
		<rating>Other - NR (Not Rated)</rating>
		<enabled>Yes</enabled>
	</game>
	<game name="Silent Debuggers (Japan)" index="" image="">
		<description>Silent Debuggers</description>
		<cloneof></cloneof>
		<crc></crc>
		<manufacturer></manufacturer>
		<year></year>
		<genre></genre>
		<rating>Other - NR (Not Rated)</rating>
		<enabled>Yes</enabled>
	</game>
	<game name="Sindibad Chitei no Dai Makyuu (Japan)" index="" image="">
		<description>Sindibad Chitei no Dai Makyuu</description>
		<cloneof></cloneof>
		<crc></crc>
		<manufacturer></manufacturer>
		<year></year>
		<genre></genre>
		<rating>Other - NR (Not Rated)</rating>
		<enabled>Yes</enabled>
	</game>
	<game name="Skweek (Japan)" index="" image="">
		<description>Skweek</description>
		<cloneof></cloneof>
		<crc></crc>
		<manufacturer></manufacturer>
		<year></year>
		<genre></genre>
		<rating>Other - NR (Not Rated)</rating>
		<enabled>Yes</enabled>
	</game>
	<game name="Soldier Blade (Japan)" index="" image="">
		<description>Soldier Blade</description>
		<cloneof></cloneof>
		<crc></crc>
		<manufacturer></manufacturer>
		<year></year>
		<genre></genre>
		<rating>Other - NR (Not Rated)</rating>
		<enabled>Yes</enabled>
	</game>
	<game name="Son Son II (Japan) (Translated En)" index="" image="">
		<description>Son Son II (Japan) (Translated En)</description>
		<cloneof></cloneof>
		<crc>F51C06D4</crc>
		<manufacturer>Capcom</manufacturer>
		<year>1989</year>
		<genre>Platform</genre>
		<rating>Other - NR (Not Rated)</rating>
		<enabled>Yes</enabled>
	</game>
	<game name="Soukoban World (Japan)" index="" image="">
		<description>Soukoban World</description>
		<cloneof></cloneof>
		<crc></crc>
		<manufacturer></manufacturer>
		<year></year>
		<genre></genre>
		<rating>Other - NR (Not Rated)</rating>
		<enabled>Yes</enabled>
	</game>
	<game name="Space Harrier (Japan)" index="" image="">
		<description>Space Harrier</description>
		<cloneof></cloneof>
		<crc></crc>
		<manufacturer></manufacturer>
		<year></year>
		<genre></genre>
		<rating>Other - NR (Not Rated)</rating>
		<enabled>Yes</enabled>
	</game>
	<game name="Space Invaders - Fukkatsu no Hi (Japan)" index="" image="">
		<description>Space Invaders - Fukkatsu no Hi</description>
		<cloneof></cloneof>
		<crc></crc>
		<manufacturer></manufacturer>
		<year></year>
		<genre></genre>
		<rating>Other - NR (Not Rated)</rating>
		<enabled>Yes</enabled>
	</game>
	<game name="Special Criminal Investigation (Japan)" index="" image="">
		<description>Special Criminal Investigation</description>
		<cloneof></cloneof>
		<crc></crc>
		<manufacturer></manufacturer>
		<year></year>
		<genre></genre>
		<rating>Other - NR (Not Rated)</rating>
		<enabled>Yes</enabled>
	</game>
	<game name="Spin Pair (Japan)" index="" image="">
		<description>Spin Pair</description>
		<cloneof></cloneof>
		<crc></crc>
		<manufacturer></manufacturer>
		<year></year>
		<genre></genre>
		<rating>Other - NR (Not Rated)</rating>
		<enabled>Yes</enabled>
	</game>
	<game name="Spiral Wave (Japan)" index="" image="">
		<description>Spiral Wave</description>
		<cloneof></cloneof>
		<crc></crc>
		<manufacturer></manufacturer>
		<year></year>
		<genre></genre>
		<rating>Other - NR (Not Rated)</rating>
		<enabled>Yes</enabled>
	</game>
	<game name="Splatterhouse (Japan)" index="" image="">
		<description>Splatterhouse</description>
		<cloneof></cloneof>
		<crc></crc>
		<manufacturer></manufacturer>
		<year></year>
		<genre></genre>
		<rating>Other - NR (Not Rated)</rating>
		<enabled>Yes</enabled>
	</game>
	<game name="Stratego (Japan)" index="" image="">
		<description>Stratego</description>
		<cloneof></cloneof>
		<crc></crc>
		<manufacturer></manufacturer>
		<year></year>
		<genre></genre>
		<rating>Other - NR (Not Rated)</rating>
		<enabled>Yes</enabled>
	</game>
	<game name="Street Fighter II&apos; - Champion Edition (Japan)" index="" image="">
		<description>Street Fighter II&apos; - Champion Edition</description>
		<cloneof></cloneof>
		<crc></crc>
		<manufacturer></manufacturer>
		<year></year>
		<genre></genre>
		<rating>Other - NR (Not Rated)</rating>
		<enabled>Yes</enabled>
	</game>
	<game name="Strip Fighter II (Japan)" index="" image="">
		<description>Strip Fighter II</description>
		<cloneof></cloneof>
		<crc></crc>
		<manufacturer></manufacturer>
		<year></year>
		<genre></genre>
		<rating>Other - NR (Not Rated)</rating>
		<enabled>Yes</enabled>
	</game>
	<game name="Super Metal Crusher (Japan)" index="" image="">
		<description>Super Metal Crusher</description>
		<cloneof></cloneof>
		<crc></crc>
		<manufacturer></manufacturer>
		<year></year>
		<genre></genre>
		<rating>Other - NR (Not Rated)</rating>
		<enabled>Yes</enabled>
	</game>
	<game name="Super Momotarou Dentetsu (Japan)" index="" image="">
		<description>Super Momotarou Dentetsu</description>
		<cloneof></cloneof>
		<crc></crc>
		<manufacturer></manufacturer>
		<year></year>
		<genre></genre>
		<rating>Other - NR (Not Rated)</rating>
		<enabled>Yes</enabled>
	</game>
	<game name="Super Momotarou Dentetsu II (Japan)" index="" image="">
		<description>Super Momotarou Dentetsu II</description>
		<cloneof></cloneof>
		<crc></crc>
		<manufacturer></manufacturer>
		<year></year>
		<genre></genre>
		<rating>Other - NR (Not Rated)</rating>
		<enabled>Yes</enabled>
	</game>
	<game name="Super Star Soldier (Japan)" index="" image="">
		<description>Super Star Soldier</description>
		<cloneof></cloneof>
		<crc></crc>
		<manufacturer></manufacturer>
		<year></year>
		<genre></genre>
		<rating>Other - NR (Not Rated)</rating>
		<enabled>Yes</enabled>
	</game>
	<game name="Super Volleyball (Japan)" index="" image="">
		<description>Super Volleyball</description>
		<cloneof></cloneof>
		<crc></crc>
		<manufacturer></manufacturer>
		<year></year>
		<genre></genre>
		<rating>Other - NR (Not Rated)</rating>
		<enabled>Yes</enabled>
	</game>
	<game name="Susanoo Densetsu (Japan)" index="" image="">
		<description>Susanoo Densetsu</description>
		<cloneof></cloneof>
		<crc></crc>
		<manufacturer></manufacturer>
		<year></year>
		<genre></genre>
		<rating>Other - NR (Not Rated)</rating>
		<enabled>Yes</enabled>
	</game>
	<game name="Taito Chase H.Q. (Japan)" index="true" image="t">
		<description>Taito Chase H.Q.</description>
		<cloneof></cloneof>
		<crc></crc>
		<manufacturer></manufacturer>
		<year></year>
		<genre></genre>
		<rating>Other - NR (Not Rated)</rating>
		<enabled>Yes</enabled>
	</game>
	<game name="Takahashi Meijin no Shin Boukenjima (Japan)" index="" image="">
		<description>Takahashi Meijin no Shin Boukenjima</description>
		<cloneof></cloneof>
		<crc></crc>
		<manufacturer></manufacturer>
		<year></year>
		<genre></genre>
		<rating>Other - NR (Not Rated)</rating>
		<enabled>Yes</enabled>
	</game>
	<game name="Takeda Shingen (Japan)" index="" image="">
		<description>Takeda Shingen</description>
		<cloneof></cloneof>
		<crc></crc>
		<manufacturer></manufacturer>
		<year></year>
		<genre></genre>
		<rating>Other - NR (Not Rated)</rating>
		<enabled>Yes</enabled>
	</game>
	<game name="Tatsujin (Japan)" index="" image="">
		<description>Tatsujin</description>
		<cloneof></cloneof>
		<crc></crc>
		<manufacturer></manufacturer>
		<year></year>
		<genre></genre>
		<rating>Other - NR (Not Rated)</rating>
		<enabled>Yes</enabled>
	</game>
	<game name="Tatsunoko Fighter (Japan)" index="" image="">
		<description>Tatsunoko Fighter</description>
		<cloneof></cloneof>
		<crc></crc>
		<manufacturer></manufacturer>
		<year></year>
		<genre></genre>
		<rating>Other - NR (Not Rated)</rating>
		<enabled>Yes</enabled>
	</game>
	<game name="Tenseiryuu - Saint Dragon (Japan)" index="" image="">
		<description>Tenseiryuu - Saint Dragon</description>
		<cloneof></cloneof>
		<crc></crc>
		<manufacturer></manufacturer>
		<year></year>
		<genre></genre>
		<rating>Other - NR (Not Rated)</rating>
		<enabled>Yes</enabled>
	</game>
	<game name="Terra Cresta II - Mandoraa no Gyakushuu (Japan)" index="" image="">
		<description>Terra Cresta II - Mandoraa no Gyakushuu</description>
		<cloneof></cloneof>
		<crc></crc>
		<manufacturer></manufacturer>
		<year></year>
		<genre></genre>
		<rating>Other - NR (Not Rated)</rating>
		<enabled>Yes</enabled>
	</game>
	<game name="Thunder Blade (Japan)" index="" image="">
		<description>Thunder Blade</description>
		<cloneof></cloneof>
		<crc></crc>
		<manufacturer></manufacturer>
		<year></year>
		<genre></genre>
		<rating>Other - NR (Not Rated)</rating>
		<enabled>Yes</enabled>
	</game>
	<game name="Time Cruise II (Japan)" index="" image="">
		<description>Time Cruise II</description>
		<cloneof></cloneof>
		<crc></crc>
		<manufacturer></manufacturer>
		<year></year>
		<genre></genre>
		<rating>Other - NR (Not Rated)</rating>
		<enabled>Yes</enabled>
	</game>
	<game name="Titan (Japan)" index="" image="">
		<description>Titan</description>
		<cloneof></cloneof>
		<crc></crc>
		<manufacturer></manufacturer>
		<year></year>
		<genre></genre>
		<rating>Other - NR (Not Rated)</rating>
		<enabled>Yes</enabled>
	</game>
	<game name="Toilet Kids (Japan)" index="" image="">
		<description>Toilet Kids</description>
		<cloneof></cloneof>
		<crc></crc>
		<manufacturer></manufacturer>
		<year></year>
		<genre></genre>
		<rating>Other - NR (Not Rated)</rating>
		<enabled>Yes</enabled>
	</game>
	<game name="Tora heno Michi (Japan)" index="" image="">
		<description>Tora heno Michi</description>
		<cloneof></cloneof>
		<crc></crc>
		<manufacturer></manufacturer>
		<year></year>
		<genre></genre>
		<rating>Other - NR (Not Rated)</rating>
		<enabled>Yes</enabled>
	</game>
	<game name="Toshi Tensou Keikaku - Eternal City (Japan)" index="" image="">
		<description>Toshi Tensou Keikaku - Eternal City</description>
		<cloneof></cloneof>
		<crc></crc>
		<manufacturer></manufacturer>
		<year></year>
		<genre></genre>
		<rating>Other - NR (Not Rated)</rating>
		<enabled>Yes</enabled>
	</game>
	<game name="Tower of Druaga, The (Japan) (Translated En)" index="" image="">
		<description>Tower of Druaga, The (Japan) (Translated En)</description>
		<cloneof></cloneof>
		<crc>B9032DC3</crc>
		<manufacturer>Game Studio</manufacturer>
		<year>1992</year>
		<genre>Action</genre>
		<rating>Other - NR (Not Rated)</rating>
		<enabled>Yes</enabled>
	</game>
	<game name="Toy Shop Boys (Japan)" index="" image="">
		<description>Toy Shop Boys</description>
		<cloneof></cloneof>
		<crc></crc>
		<manufacturer></manufacturer>
		<year></year>
		<genre></genre>
		<rating>Other - NR (Not Rated)</rating>
		<enabled>Yes</enabled>
	</game>
	<game name="Tricky (Japan)" index="" image="">
		<description>Tricky</description>
		<cloneof></cloneof>
		<crc></crc>
		<manufacturer></manufacturer>
		<year></year>
		<genre></genre>
		<rating>Other - NR (Not Rated)</rating>
		<enabled>Yes</enabled>
	</game>
	<game name="Tsuppari Oozumou - Heisei Ban (Japan)" index="" image="">
		<description>Tsuppari Oozumou - Heisei Ban</description>
		<cloneof></cloneof>
		<crc></crc>
		<manufacturer></manufacturer>
		<year></year>
		<genre></genre>
		<rating>Other - NR (Not Rated)</rating>
		<enabled>Yes</enabled>
	</game>
	<game name="Tsuru Teruhito no Jissen Kabushiki Bai Bai Game (Japan)" index="" image="">
		<description>Tsuru Teruhito no Jissen Kabushiki Bai Bai Game</description>
		<cloneof></cloneof>
		<crc></crc>
		<manufacturer></manufacturer>
		<year></year>
		<genre></genre>
		<rating>Other - NR (Not Rated)</rating>
		<enabled>Yes</enabled>
	</game>
	<game name="TV Sports Basketball (Japan)" index="" image="">
		<description>TV Sports Basketball</description>
		<cloneof></cloneof>
		<crc></crc>
		<manufacturer></manufacturer>
		<year></year>
		<genre></genre>
		<rating>Other - NR (Not Rated)</rating>
		<enabled>Yes</enabled>
	</game>
	<game name="TV Sports Football (Japan)" index="" image="">
		<description>TV Sports Football</description>
		<cloneof></cloneof>
		<crc></crc>
		<manufacturer></manufacturer>
		<year></year>
		<genre></genre>
		<rating>Other - NR (Not Rated)</rating>
		<enabled>Yes</enabled>
	</game>
	<game name="TV Sports Hockey (Japan)" index="" image="">
		<description>TV Sports Hockey</description>
		<cloneof></cloneof>
		<crc></crc>
		<manufacturer></manufacturer>
		<year></year>
		<genre></genre>
		<rating>Other - NR (Not Rated)</rating>
		<enabled>Yes</enabled>
	</game>
	<game name="USA Pro Basketball (Japan)" index="true" image="u">
		<description>USA Pro Basketball</description>
		<cloneof></cloneof>
		<crc></crc>
		<manufacturer></manufacturer>
		<year></year>
		<genre></genre>
		<rating>Other - NR (Not Rated)</rating>
		<enabled>Yes</enabled>
	</game>
	<game name="Valkyrie no Densetsu (Japan)" index="true" image="v">
		<description>Valkyrie no Densetsu</description>
		<cloneof></cloneof>
		<crc>A3303978</crc>
		<manufacturer>Tose Software</manufacturer>
		<year>1990</year>
		<genre>Action</genre>
		<rating>Other - NR (Not Rated)</rating>
		<enabled>Yes</enabled>
	</game>
	<game name="Veigues - Tactical Gladiator (Japan)" index="" image="">
		<description>Veigues - Tactical Gladiator</description>
		<cloneof></cloneof>
		<crc></crc>
		<manufacturer></manufacturer>
		<year></year>
		<genre></genre>
		<rating>Other - NR (Not Rated)</rating>
		<enabled>Yes</enabled>
	</game>
	<game name="Victory Run (Japan)" index="" image="">
		<description>Victory Run</description>
		<cloneof></cloneof>
		<crc></crc>
		<manufacturer></manufacturer>
		<year></year>
		<genre></genre>
		<rating>Other - NR (Not Rated)</rating>
		<enabled>Yes</enabled>
	</game>
	<game name="Vigilante (Japan)" index="" image="">
		<description>Vigilante</description>
		<cloneof></cloneof>
		<crc></crc>
		<manufacturer></manufacturer>
		<year></year>
		<genre></genre>
		<rating>Other - NR (Not Rated)</rating>
		<enabled>Yes</enabled>
	</game>
	<game name="Violent Soldier (Japan)" index="" image="">
		<description>Violent Soldier</description>
		<cloneof></cloneof>
		<crc></crc>
		<manufacturer></manufacturer>
		<year></year>
		<genre></genre>
		<rating>Other - NR (Not Rated)</rating>
		<enabled>Yes</enabled>
	</game>
	<game name="Volfied (Japan)" index="" image="">
		<description>Volfied</description>
		<cloneof></cloneof>
		<crc></crc>
		<manufacturer></manufacturer>
		<year></year>
		<genre></genre>
		<rating>Other - NR (Not Rated)</rating>
		<enabled>Yes</enabled>
	</game>
	<game name="W-Ring - The Double Rings (Japan)" index="true" image="w">
		<description>W-Ring - The Double Rings</description>
		<cloneof></cloneof>
		<crc></crc>
		<manufacturer></manufacturer>
		<year></year>
		<genre></genre>
		<rating>Other - NR (Not Rated)</rating>
		<enabled>Yes</enabled>
	</game>
	<game name="Wai Wai Mahjong - Yukaina Janyuu Tachi (Japan)" index="" image="">
		<description>Wai Wai Mahjong - Yukaina Janyuu Tachi</description>
		<cloneof></cloneof>
		<crc></crc>
		<manufacturer></manufacturer>
		<year></year>
		<genre></genre>
		<rating>Other - NR (Not Rated)</rating>
		<enabled>Yes</enabled>
	</game>
	<game name="Walkuere no Densetsu (Japan)" index="" image="">
		<description>Walkuere no Densetsu</description>
		<cloneof></cloneof>
		<crc></crc>
		<manufacturer></manufacturer>
		<year></year>
		<genre></genre>
		<rating>Other - NR (Not Rated)</rating>
		<enabled>Yes</enabled>
	</game>
	<game name="Wallaby!! - Usagi no Kuni no Kangaroo Race (Japan)" index="" image="">
		<description>Wallaby!! - Usagi no Kuni no Kangaroo Race</description>
		<cloneof></cloneof>
		<crc></crc>
		<manufacturer></manufacturer>
		<year></year>
		<genre></genre>
		<rating>Other - NR (Not Rated)</rating>
		<enabled>Yes</enabled>
	</game>
	<game name="Winning Shot (Japan)" index="" image="">
		<description>Winning Shot</description>
		<cloneof></cloneof>
		<crc></crc>
		<manufacturer></manufacturer>
		<year></year>
		<genre></genre>
		<rating>Other - NR (Not Rated)</rating>
		<enabled>Yes</enabled>
	</game>
	<game name="Wonder Momo (Japan)" index="" image="">
		<description>Wonder Momo</description>
		<cloneof></cloneof>
		<crc></crc>
		<manufacturer></manufacturer>
		<year></year>
		<genre></genre>
		<rating>Other - NR (Not Rated)</rating>
		<enabled>Yes</enabled>
	</game>
	<game name="World Beach Volley (Japan)" index="" image="">
		<description>World Beach Volley</description>
		<cloneof></cloneof>
		<crc></crc>
		<manufacturer></manufacturer>
		<year></year>
		<genre></genre>
		<rating>Other - NR (Not Rated)</rating>
		<enabled>Yes</enabled>
	</game>
	<game name="World Circuit (Japan)" index="" image="">
		<description>World Circuit</description>
		<cloneof></cloneof>
		<crc></crc>
		<manufacturer></manufacturer>
		<year></year>
		<genre></genre>
		<rating>Other - NR (Not Rated)</rating>
		<enabled>Yes</enabled>
	</game>
	<game name="World Jockey (Japan)" index="" image="">
		<description>World Jockey</description>
		<cloneof></cloneof>
		<crc></crc>
		<manufacturer></manufacturer>
		<year></year>
		<genre></genre>
		<rating>Other - NR (Not Rated)</rating>
		<enabled>Yes</enabled>
	</game>
	<game name="Xevious - Fardraut Densetsu (Japan)" index="true" image="x">
		<description>Xevious - Fardraut Densetsu</description>
		<cloneof></cloneof>
		<crc></crc>
		<manufacturer></manufacturer>
		<year></year>
		<genre></genre>
		<rating>Other - NR (Not Rated)</rating>
		<enabled>Yes</enabled>
	</game>
	<game name="Youkai Douchuuki (Japan)" index="true" image="y">
		<description>Youkai Douchuuki</description>
		<cloneof></cloneof>
		<crc></crc>
		<manufacturer></manufacturer>
		<year></year>
		<genre></genre>
		<rating>Other - NR (Not Rated)</rating>
		<enabled>Yes</enabled>
	</game>
	<game name="Yuu Yuu Jinsei - Victory Life (Japan)" index="" image="">
		<description>Yuu Yuu Jinsei - Victory Life</description>
		<cloneof></cloneof>
		<crc></crc>
		<manufacturer></manufacturer>
		<year></year>
		<genre></genre>
		<rating>Other - NR (Not Rated)</rating>
		<enabled>Yes</enabled>
	</game>
	<game name="Zero 4 Champ (Japan)" index="true" image="z">
		<description>Zero 4 Champ</description>
		<cloneof></cloneof>
		<crc>B77F2E2F</crc>
		<manufacturer>Media Rings</manufacturer>
		<year>1991</year>
		<genre>Driving</genre>
		<rating>Other - NR (Not Rated)</rating>
		<enabled>Yes</enabled>
	</game>
	<game name="Zipang (Japan)" index="" image="">
		<description>Zipang</description>
		<cloneof></cloneof>
		<crc></crc>
		<manufacturer></manufacturer>
		<year></year>
		<genre></genre>
		<rating>Other - NR (Not Rated)</rating>
		<enabled>Yes</enabled>
	</game>
</menu>