<?xml version="1.0"?>
<menu>
	<header>
		<listname>Nintendo Virtual Boy</listname>
		<lastlistupdate>03/06/2016</lastlistupdate>
		<listversion>1.2</listversion>
		<exporterversion>HyperList XML Exporter Version 1.3 Copywrite (c) 2009-2011 William Strong</exporterversion>
	</header>
	<game name="3-D Tetris (USA)" index="true" image="3">
		<description>3-D Tetris (USA)</description>
		<cloneof></cloneof>
		<crc>bb71b522</crc>
		<manufacturer>Nintendo</manufacturer>
		<year>1996</year>
		<genre>Puzzle</genre>
		<rating>ESRB - E (Everyone)</rating>
		<enabled>Yes</enabled>
	</game>
	<game name="Galactic Pinball (Japan, USA)" index="true" image="g">
		<description>Galactic Pinball (Japan, USA)</description>
		<cloneof></cloneof>
		<crc>c9710a36</crc>
		<manufacturer>Nintendo</manufacturer>
		<year>1995</year>
		<genre>Pinball</genre>
		<rating>ESRB - E (Everyone)</rating>
		<enabled>Yes</enabled>
	</game>
	<game name="Golf (USA)" index="" image="">
		<description>Golf (USA)</description>
		<cloneof></cloneof>
		<crc>2199af41</crc>
		<manufacturer>Nintendo</manufacturer>
		<year>1995</year>
		<genre>Sports/Golf</genre>
		<rating>ESRB - E (Everyone)</rating>
		<enabled>Yes</enabled>
	</game>
	<game name="Innsmouth no Yakata (Japan)" index="true" image="i">
		<description>Innsmouth no Yakata (Japan)</description>
		<cloneof></cloneof>
		<crc>efd0ac36</crc>
		<manufacturer>I&apos;Max</manufacturer>
		<year>1995</year>
		<genre>Action</genre>
		<rating>ESRB - E (Everyone)</rating>
		<enabled>Yes</enabled>
	</game>
	<game name="Jack Bros. (USA)" index="true" image="j">
		<description>Jack Bros. (USA)</description>
		<cloneof></cloneof>
		<crc>a44de03c</crc>
		<manufacturer>Atlus Co.</manufacturer>
		<year>1995</year>
		<genre>Action</genre>
		<rating>ESRB - E (Everyone)</rating>
		<enabled>Yes</enabled>
	</game>
	<game name="Mario Clash (Japan, USA)" index="true" image="m">
		<description>Mario Clash (Japan, USA)</description>
		<cloneof></cloneof>
		<crc>a47de78c</crc>
		<manufacturer>Nintendo</manufacturer>
		<year>1995</year>
		<genre>Platform</genre>
		<rating>ESRB - E (Everyone)</rating>
		<enabled>Yes</enabled>
	</game>
	<game name="Mario&apos;s Tennis (Japan, USA)" index="" image="">
		<description>Mario\&apos;s Tennis (Japan, USA)</description>
		<cloneof></cloneof>
		<crc>7ce7460d</crc>
		<manufacturer>Nintendo</manufacturer>
		<year>1995</year>
		<genre>Sports/Tennis</genre>
		<rating>ESRB - E (Everyone)</rating>
		<enabled>Yes</enabled>
	</game>
	<game name="Nester&apos;s Funky Bowling (USA)" index="true" image="n">
		<description>Nester\&apos;s Funky Bowling (USA)</description>
		<cloneof></cloneof>
		<crc>df4d56b4</crc>
		<manufacturer>Nintendo</manufacturer>
		<year>1996</year>
		<genre>Sports/Bowling</genre>
		<rating>ESRB - E (Everyone)</rating>
		<enabled>Yes</enabled>
	</game>
	<game name="Panic Bomber (USA)" index="true" image="p">
		<description>Panic Bomber (USA)</description>
		<cloneof></cloneof>
		<crc>19bb2dfb</crc>
		<manufacturer>Hudson</manufacturer>
		<year>1995</year>
		<genre>Puzzle</genre>
		<rating>ESRB - E (Everyone)</rating>
		<enabled>Yes</enabled>
	</game>
	<game name="Red Alarm (USA)" index="true" image="r">
		<description>Red Alarm (USA)</description>
		<cloneof></cloneof>
		<crc>aa10a7b4</crc>
		<manufacturer>Nintendo</manufacturer>
		<year>1995</year>
		<genre>Shooter</genre>
		<rating>ESRB - E (Everyone)</rating>
		<enabled>Yes</enabled>
	</game>
	<game name="SD Gundam - Dimension War (Japan)" index="true" image="s">
		<description>SD Gundam - Dimension War (Japan)</description>
		<cloneof></cloneof>
		<crc>44788197</crc>
		<manufacturer>Bandai</manufacturer>
		<year>1995</year>
		<genre>Strategy</genre>
		<rating>ESRB - E (Everyone)</rating>
		<enabled>Yes</enabled>
	</game>
	<game name="Space Invaders - Virtual Collection (Japan)" index="" image="">
		<description>Space Invaders - Virtual Collection (Japan)</description>
		<cloneof></cloneof>
		<crc>fa44402d</crc>
		<manufacturer>Taito</manufacturer>
		<year>1995</year>
		<genre>Shooter</genre>
		<rating>ESRB - E (Everyone)</rating>
		<enabled>Yes</enabled>
	</game>
	<game name="Teleroboxer (Japan, USA)" index="true" image="t">
		<description>Teleroboxer (Japan, USA)</description>
		<cloneof></cloneof>
		<crc>36103000</crc>
		<manufacturer>Nintendo</manufacturer>
		<year>1995</year>
		<genre>Sports/Boxing</genre>
		<rating>ESRB - E (Everyone)</rating>
		<enabled>Yes</enabled>
	</game>
	<game name="V-Tetris (Japan)" index="true" image="v">
		<description>V-Tetris (Japan)</description>
		<cloneof></cloneof>
		<crc>3ccb67ae</crc>
		<manufacturer>Bullet-Proof Software</manufacturer>
		<year>1995</year>
		<genre>Puzzle</genre>
		<rating>ESRB - E (Everyone)</rating>
		<enabled>Yes</enabled>
	</game>
	<game name="Vertical Force (USA)" index="" image="">
		<description>Vertical Force (USA)</description>
		<cloneof></cloneof>
		<crc>4c32ba5e</crc>
		<manufacturer>Nintendo</manufacturer>
		<year>1995</year>
		<genre>Shooter</genre>
		<rating>ESRB - E (Everyone)</rating>
		<enabled>Yes</enabled>
	</game>
	<game name="Virtual Bowling (Japan)" index="" image="">
		<description>Virtual Bowling (Japan)</description>
		<cloneof></cloneof>
		<crc>20688279</crc>
		<manufacturer>Ocean Software</manufacturer>
		<year>1995</year>
		<genre>Sports/Bowling</genre>
		<rating>ESRB - E (Everyone)</rating>
		<enabled>Yes</enabled>
	</game>
	<game name="Virtual Boy Wario Land (Japan, USA)" index="" image="">
		<description>Virtual Boy Wario Land (Japan, USA)</description>
		<cloneof></cloneof>
		<crc>133e9372</crc>
		<manufacturer>Nintendo</manufacturer>
		<year>1995</year>
		<genre>Platform</genre>
		<rating>ESRB - E (Everyone)</rating>
		<enabled>Yes</enabled>
	</game>
	<game name="Virtual Lab (Japan)" index="" image="">
		<description>Virtual Lab (Japan)</description>
		<cloneof></cloneof>
		<crc>8989fe0a</crc>
		<manufacturer>J-Wing</manufacturer>
		<year>1995</year>
		<genre>Puzzle</genre>
		<rating>ESRB - E (Everyone)</rating>
		<enabled>Yes</enabled>
	</game>
	<game name="Virtual League Baseball (USA)" index="" image="">
		<description>Virtual League Baseball (USA)</description>
		<cloneof></cloneof>
		<crc>736b40d6</crc>
		<manufacturer>Kemco</manufacturer>
		<year>1995</year>
		<genre>Sports/Baseball</genre>
		<rating>ESRB - E (Everyone)</rating>
		<enabled>Yes</enabled>
	</game>
	<game name="Waterworld (USA)" index="true" image="w">
		<description>Waterworld (USA)</description>
		<cloneof></cloneof>
		<crc>82a95e51</crc>
		<manufacturer>Ocean</manufacturer>
		<year>1995</year>
		<genre>Shooter</genre>
		<rating>ESRB - E (Everyone)</rating>
		<enabled>Yes</enabled>
	</game>
</menu>