<?xml version="1.0"?>
<menu>
	<header>
		<listname>SNK Neo Geo AES</listname>
		<lastlistupdate>05/15/2015</lastlistupdate>
		<listversion>1.0 (MAME)</listversion>
		<exporterversion>HyperList XML Exporter Version 1.3 Copywrite (c) 2009-2011 William Strong</exporterversion>
	</header>
	<game name="3countb" index="true" image="3">
		<description>3 Count Bout</description>
		<cloneof></cloneof>
		<crc></crc>
		<manufacturer>SNK</manufacturer>
		<year>1993</year>
		<genre>Sports/Wrestling</genre>
		<rating>Other - NR (Not Rated)</rating>
		<enabled>Yes</enabled>
	</game>
	<game name="sonicwi2" index="true" image="a">
		<description>Aero Fighters 2</description>
		<cloneof></cloneof>
		<crc></crc>
		<manufacturer>Video Systems</manufacturer>
		<year>1994</year>
		<genre>Action/Shooter</genre>
		<rating>Other - NR (Not Rated)</rating>
		<enabled>Yes</enabled>
	</game>
	<game name="sonicwi3" index="" image="">
		<description>Aero Fighters 3</description>
		<cloneof></cloneof>
		<crc></crc>
		<manufacturer>Video Systems</manufacturer>
		<year>1995</year>
		<genre>Action/Shooter</genre>
		<rating>Other - NR (Not Rated)</rating>
		<enabled>Yes</enabled>
	</game>
	<game name="aodk" index="" image="">
		<description>Aggressors of Dark Kombat</description>
		<cloneof></cloneof>
		<crc></crc>
		<manufacturer>ADK</manufacturer>
		<year>1994</year>
		<genre>Action/Fighting</genre>
		<rating>Other - NR (Not Rated)</rating>
		<enabled>Yes</enabled>
	</game>
	<game name="alpham2" index="" image="">
		<description>Alpha Mission II</description>
		<cloneof></cloneof>
		<crc></crc>
		<manufacturer>SNK</manufacturer>
		<year>1991</year>
		<genre>Action/Shooter</genre>
		<rating>Other - NR (Not Rated)</rating>
		<enabled>Yes</enabled>
	</game>
	<game name="androdun" index="" image="">
		<description>Andro Dunos</description>
		<cloneof></cloneof>
		<crc></crc>
		<manufacturer>Visco</manufacturer>
		<year>1992</year>
		<genre>Action/Shooter</genre>
		<rating>Other - NR (Not Rated)</rating>
		<enabled>Yes</enabled>
	</game>
	<game name="aof" index="" image="">
		<description>Art of Fighting</description>
		<cloneof></cloneof>
		<crc></crc>
		<manufacturer>SNK</manufacturer>
		<year>1992</year>
		<genre>Action/Fighting</genre>
		<rating>Other - NR (Not Rated)</rating>
		<enabled>Yes</enabled>
	</game>
	<game name="aof2" index="" image="">
		<description>Art of Fighting 2</description>
		<cloneof></cloneof>
		<crc></crc>
		<manufacturer>SNK</manufacturer>
		<year>1994</year>
		<genre>Action/Fighting</genre>
		<rating>Other - NR (Not Rated)</rating>
		<enabled>Yes</enabled>
	</game>
	<game name="aof3" index="" image="">
		<description>Art of Fighting 3: The Path of the Warrior</description>
		<cloneof></cloneof>
		<crc></crc>
		<manufacturer>SNK</manufacturer>
		<year>1996</year>
		<genre>Action/Fighting</genre>
		<rating>Other - NR (Not Rated)</rating>
		<enabled>Yes</enabled>
	</game>
	<game name="bangbead" index="true" image="b">
		<description>Bang Bead</description>
		<cloneof></cloneof>
		<crc></crc>
		<manufacturer>Visco</manufacturer>
		<year>2000</year>
		<genre>Sports/Other</genre>
		<rating>Other - NR (Not Rated)</rating>
		<enabled>Yes</enabled>
	</game>
	<game name="bstars2" index="" image="">
		<description>Baseball Stars 2</description>
		<cloneof></cloneof>
		<crc></crc>
		<manufacturer>SNK</manufacturer>
		<year>1992</year>
		<genre>Sports/Baseball</genre>
		<rating>Other - NR (Not Rated)</rating>
		<enabled>Yes</enabled>
	</game>
	<game name="bstars" index="" image="">
		<description>Baseball Stars Professional</description>
		<cloneof></cloneof>
		<crc></crc>
		<manufacturer>SNK</manufacturer>
		<year>1990</year>
		<genre>Sports/Baseball</genre>
		<rating>Other - NR (Not Rated)</rating>
		<enabled>Yes</enabled>
	</game>
	<game name="blazstar" index="" image="">
		<description>Blazing Star</description>
		<cloneof></cloneof>
		<crc></crc>
		<manufacturer>Yumekobo</manufacturer>
		<year>1998</year>
		<genre>Action/Shooter</genre>
		<rating>Other - NR (Not Rated)</rating>
		<enabled>Yes</enabled>
	</game>
	<game name="bjourney" index="" image="">
		<description>Blue&apos;s Journey</description>
		<cloneof></cloneof>
		<crc></crc>
		<manufacturer>ADK</manufacturer>
		<year>1990</year>
		<genre>Action/General</genre>
		<rating>Other - NR (Not Rated)</rating>
		<enabled>Yes</enabled>
	</game>
	<game name="breakers" index="" image="">
		<description>Breakers</description>
		<cloneof></cloneof>
		<crc></crc>
		<manufacturer>Visco</manufacturer>
		<year>1996</year>
		<genre>Action/Fighting</genre>
		<rating>Other - NR (Not Rated)</rating>
		<enabled>Yes</enabled>
	</game>
	<game name="breakrev" index="" image="">
		<description>Breakers Revenge</description>
		<cloneof></cloneof>
		<crc></crc>
		<manufacturer>Visco</manufacturer>
		<year>1998</year>
		<genre>Action/Fighting</genre>
		<rating>Other - NR (Not Rated)</rating>
		<enabled>Yes</enabled>
	</game>
	<game name="burningf" index="" image="">
		<description>Burning Fight</description>
		<cloneof></cloneof>
		<crc></crc>
		<manufacturer>SNK</manufacturer>
		<year>1991</year>
		<genre>Action/Beat-&apos;Em-Up</genre>
		<rating>Other - NR (Not Rated)</rating>
		<enabled>Yes</enabled>
	</game>
	<game name="pbobble" index="" image="">
		<description>Bust-A-Move</description>
		<cloneof></cloneof>
		<crc></crc>
		<manufacturer>SNK</manufacturer>
		<year>1993</year>
		<genre>Sports/Wrestling</genre>
		<rating>Other - NR (Not Rated)</rating>
		<enabled>Yes</enabled>
	</game>
	<game name="pbobble2" index="" image="">
		<description>Bust-A-Move Again EX</description>
		<cloneof></cloneof>
		<crc></crc>
		<manufacturer>SNK</manufacturer>
		<year>1993</year>
		<genre>Sports/Wrestling</genre>
		<rating>Other - NR (Not Rated)</rating>
		<enabled>Yes</enabled>
	</game>
	<game name="ctomaday" index="true" image="c">
		<description>Captain Tomaday</description>
		<cloneof></cloneof>
		<crc></crc>
		<manufacturer>Visco</manufacturer>
		<year>1999</year>
		<genre>Action/Shooter</genre>
		<rating>Other - NR (Not Rated)</rating>
		<enabled>Yes</enabled>
	</game>
	<game name="crsword" index="" image="">
		<description>Crossed Swords</description>
		<cloneof></cloneof>
		<crc></crc>
		<manufacturer>ADK</manufacturer>
		<year>1991</year>
		<genre>Action/General</genre>
		<rating>Other - NR (Not Rated)</rating>
		<enabled>Yes</enabled>
	</game>
	<game name="cyberlip" index="" image="">
		<description>Cyber-Lip</description>
		<cloneof></cloneof>
		<crc></crc>
		<manufacturer>SNk</manufacturer>
		<year>1990</year>
		<genre>Action/Shooter</genre>
		<rating>Other - NR (Not Rated)</rating>
		<enabled>Yes</enabled>
	</game>
	<game name="doubledr" index="true" image="d">
		<description>Double Dragon</description>
		<cloneof></cloneof>
		<crc></crc>
		<manufacturer>Technos</manufacturer>
		<year>1995</year>
		<genre>Action/Fighting</genre>
		<rating>Other - NR (Not Rated)</rating>
		<enabled>Yes</enabled>
	</game>
	<game name="eightman" index="true" image="e">
		<description>Eightman</description>
		<cloneof></cloneof>
		<crc></crc>
		<manufacturer>Pallas</manufacturer>
		<year>1991</year>
		<genre>Action/Beat-&apos;Em-Up</genre>
		<rating>Other - NR (Not Rated)</rating>
		<enabled>Yes</enabled>
	</game>
	<game name="fatfury1" index="true" image="f">
		<description>Fatal Fury</description>
		<cloneof></cloneof>
		<crc></crc>
		<manufacturer>SNK</manufacturer>
		<year>1991</year>
		<genre>Action/Fighting</genre>
		<rating>Other - NR (Not Rated)</rating>
		<enabled>Yes</enabled>
	</game>
	<game name="fatfury2" index="" image="">
		<description>Fatal Fury 2</description>
		<cloneof></cloneof>
		<crc></crc>
		<manufacturer>SNK</manufacturer>
		<year>1992</year>
		<genre>Action/Fighting</genre>
		<rating>Other - NR (Not Rated)</rating>
		<enabled>Yes</enabled>
	</game>
	<game name="fatfury3" index="" image="">
		<description>Fatal Fury 3</description>
		<cloneof></cloneof>
		<crc></crc>
		<manufacturer>SNK</manufacturer>
		<year>1995</year>
		<genre>Action/Fighting</genre>
		<rating>Other - NR (Not Rated)</rating>
		<enabled>Yes</enabled>
	</game>
	<game name="fatfursp" index="" image="">
		<description>Fatal Fury Special</description>
		<cloneof></cloneof>
		<crc></crc>
		<manufacturer>SNK</manufacturer>
		<year>1993</year>
		<genre>Action/Fighting</genre>
		<rating>Other - NR (Not Rated)</rating>
		<enabled>Yes</enabled>
	</game>
	<game name="fightfev" index="" image="">
		<description>Fight Fever</description>
		<cloneof></cloneof>
		<crc></crc>
		<manufacturer>Viscom</manufacturer>
		<year>1994</year>
		<genre>Action/Fighting</genre>
		<rating>Other - NR (Not Rated)</rating>
		<enabled>Yes</enabled>
	</game>
	<game name="flipshot" index="" image="">
		<description>Flip Shot</description>
		<cloneof></cloneof>
		<crc></crc>
		<manufacturer>Visco</manufacturer>
		<year>1998</year>
		<genre>Sports/Other</genre>
		<rating>Other - NR (Not Rated)</rating>
		<enabled>Yes</enabled>
	</game>
	<game name="fbfrenzy" index="" image="">
		<description>Football Frenzy</description>
		<cloneof></cloneof>
		<crc></crc>
		<manufacturer>SNK</manufacturer>
		<year>1992</year>
		<genre>Sports/Football</genre>
		<rating>Other - NR (Not Rated)</rating>
		<enabled>Yes</enabled>
	</game>
	<game name="galaxyfg" index="true" image="g">
		<description>Galaxy Fight</description>
		<cloneof></cloneof>
		<crc></crc>
		<manufacturer>Sunsoft</manufacturer>
		<year>1995</year>
		<genre>Action/General</genre>
		<rating>Other - NR (Not Rated)</rating>
		<enabled>Yes</enabled>
	</game>
	<game name="ganryu" index="" image="">
		<description>Ganryu</description>
		<cloneof></cloneof>
		<crc></crc>
		<manufacturer>Visco</manufacturer>
		<year>1999</year>
		<genre>Action/Platformer</genre>
		<rating>Other - NR (Not Rated)</rating>
		<enabled>Yes</enabled>
	</game>
	<game name="garou" index="" image="">
		<description>Garou: Mark of the Wolves</description>
		<cloneof></cloneof>
		<crc></crc>
		<manufacturer>SNK</manufacturer>
		<year>1999</year>
		<genre>Action/Fighting</genre>
		<rating>Other - NR (Not Rated)</rating>
		<enabled>Yes</enabled>
	</game>
	<game name="gpilots" index="" image="">
		<description>Ghost Pilots</description>
		<cloneof></cloneof>
		<crc></crc>
		<manufacturer>SNK</manufacturer>
		<year>1991</year>
		<genre>Action/Shooter</genre>
		<rating>Other - NR (Not Rated)</rating>
		<enabled>Yes</enabled>
	</game>
	<game name="ghostlop" index="" image="">
		<description>Ghostlop</description>
		<cloneof></cloneof>
		<crc></crc>
		<manufacturer>Data East</manufacturer>
		<year>1996</year>
		<genre>Puzzle/Miscellaneous</genre>
		<rating>Other - NR (Not Rated)</rating>
		<enabled>Yes</enabled>
	</game>
	<game name="goalx3" index="" image="">
		<description>Goal! Goal! Goal!</description>
		<cloneof></cloneof>
		<crc></crc>
		<manufacturer>Visco</manufacturer>
		<year>1995</year>
		<genre>Sports/Soccer</genre>
		<rating>Other - NR (Not Rated)</rating>
		<enabled>Yes</enabled>
	</game>
	<game name="gururin" index="" image="">
		<description>Gururin</description>
		<cloneof></cloneof>
		<crc></crc>
		<manufacturer>Face</manufacturer>
		<year>1994</year>
		<genre>Puzzle/Miscellaneous</genre>
		<rating>Other - NR (Not Rated)</rating>
		<enabled>Yes</enabled>
	</game>
	<game name="irrmaze" index="true" image="i">
		<description>Irritating Maze, The</description>
		<cloneof></cloneof>
		<crc></crc>
		<manufacturer>Saurus</manufacturer>
		<year>1997</year>
		<genre>Puzzle/Miscellaneous</genre>
		<rating>Other - NR (Not Rated)</rating>
		<enabled>Yes</enabled>
	</game>
	<game name="kabukikl" index="true" image="k">
		<description>Kabuki Klash</description>
		<cloneof></cloneof>
		<crc></crc>
		<manufacturer>Hudson</manufacturer>
		<year>1995</year>
		<genre>Action/Fighting</genre>
		<rating>Other - NR (Not Rated)</rating>
		<enabled>Yes</enabled>
	</game>
	<game name="karnovr" index="" image="">
		<description>Karnov&apos;s Revenge</description>
		<cloneof></cloneof>
		<crc></crc>
		<manufacturer>Data East</manufacturer>
		<year>1994</year>
		<genre>Action/Fighting</genre>
		<rating>Other - NR (Not Rated)</rating>
		<enabled>Yes</enabled>
	</game>
	<game name="kof94" index="" image="">
		<description>King of Fighters &apos;94, The</description>
		<cloneof></cloneof>
		<crc></crc>
		<manufacturer>SNK</manufacturer>
		<year>1994</year>
		<genre>Action/Fighting</genre>
		<rating>Other - NR (Not Rated)</rating>
		<enabled>Yes</enabled>
	</game>
	<game name="kof95" index="" image="">
		<description>King of Fighters &apos;95, The</description>
		<cloneof></cloneof>
		<crc></crc>
		<manufacturer>SNK</manufacturer>
		<year>1995</year>
		<genre>Action/Fighting</genre>
		<rating>Other - NR (Not Rated)</rating>
		<enabled>Yes</enabled>
	</game>
	<game name="kof96" index="" image="">
		<description>King of Fighters &apos;96, The</description>
		<cloneof></cloneof>
		<crc></crc>
		<manufacturer>SNK</manufacturer>
		<year>1996</year>
		<genre>Action/Fighting</genre>
		<rating>Other - NR (Not Rated)</rating>
		<enabled>Yes</enabled>
	</game>
	<game name="kof97" index="" image="">
		<description>King of Fighters &apos;97, The</description>
		<cloneof></cloneof>
		<crc></crc>
		<manufacturer>SNK</manufacturer>
		<year>1997</year>
		<genre>Action/Fighting</genre>
		<rating>Other - NR (Not Rated)</rating>
		<enabled>Yes</enabled>
	</game>
	<game name="kof98" index="" image="">
		<description>King of Fighters &apos;98, The</description>
		<cloneof></cloneof>
		<crc></crc>
		<manufacturer>SNK</manufacturer>
		<year>1998</year>
		<genre>Action/Fighting</genre>
		<rating>Other - NR (Not Rated)</rating>
		<enabled>Yes</enabled>
	</game>
	<game name="kof99" index="" image="">
		<description>King of Fighters &apos;99, The</description>
		<cloneof></cloneof>
		<crc></crc>
		<manufacturer>SNK</manufacturer>
		<year>1999</year>
		<genre>Action/Fighting</genre>
		<rating>Other - NR (Not Rated)</rating>
		<enabled>Yes</enabled>
	</game>
	<game name="kof2000" index="" image="">
		<description>King of Fighters 2000, The</description>
		<cloneof></cloneof>
		<crc></crc>
		<manufacturer>SNK</manufacturer>
		<year>2000</year>
		<genre>Action/Fighting</genre>
		<rating>Other - NR (Not Rated)</rating>
		<enabled>Yes</enabled>
	</game>
	<game name="kof2001" index="" image="">
		<description>King of Fighters 2001, The</description>
		<cloneof></cloneof>
		<crc></crc>
		<manufacturer>SNK</manufacturer>
		<year>2001</year>
		<genre>Action/Fighting</genre>
		<rating>Other - NR (Not Rated)</rating>
		<enabled>Yes</enabled>
	</game>
	<game name="kof2002" index="" image="">
		<description>King of Fighters 2002, The</description>
		<cloneof></cloneof>
		<crc></crc>
		<manufacturer>SNK</manufacturer>
		<year>2002</year>
		<genre>Action/Fighting</genre>
		<rating>Other - NR (Not Rated)</rating>
		<enabled>Yes</enabled>
	</game>
	<game name="kof2003" index="" image="">
		<description>King of Fighters 2003, The</description>
		<cloneof></cloneof>
		<crc></crc>
		<manufacturer>SNK</manufacturer>
		<year>2003</year>
		<genre>Action/Fighting</genre>
		<rating>Other - NR (Not Rated)</rating>
		<enabled>Yes</enabled>
	</game>
	<game name="kotm" index="" image="">
		<description>King of the Monsters</description>
		<cloneof></cloneof>
		<crc></crc>
		<manufacturer>SNK</manufacturer>
		<year>1991</year>
		<genre>Action/Fighting</genre>
		<rating>Other - NR (Not Rated)</rating>
		<enabled>Yes</enabled>
	</game>
	<game name="kotm2" index="" image="">
		<description>King of the Monsters 2</description>
		<cloneof></cloneof>
		<crc></crc>
		<manufacturer>SNK</manufacturer>
		<year>1992</year>
		<genre>Action/Fighting</genre>
		<rating>Other - NR (Not Rated)</rating>
		<enabled>Yes</enabled>
	</game>
	<game name="kizuna" index="" image="">
		<description>Kizuna Encounter: Super Tag Battle</description>
		<cloneof></cloneof>
		<crc></crc>
		<manufacturer>SNK</manufacturer>
		<year>1996</year>
		<genre>Action/Fighting</genre>
		<rating>Other - NR (Not Rated)</rating>
		<enabled>Yes</enabled>
	</game>
	<game name="lastblad" index="true" image="l">
		<description>Last Blade</description>
		<cloneof></cloneof>
		<crc></crc>
		<manufacturer>SNK</manufacturer>
		<year>1997</year>
		<genre>Action/Fighting</genre>
		<rating>Other - NR (Not Rated)</rating>
		<enabled>Yes</enabled>
	</game>
	<game name="lastbld2" index="" image="">
		<description>Last Blade 2</description>
		<cloneof></cloneof>
		<crc></crc>
		<manufacturer>SNK</manufacturer>
		<year>1998</year>
		<genre>Action/Fighting</genre>
		<rating>Other - NR (Not Rated)</rating>
		<enabled>Yes</enabled>
	</game>
	<game name="lresort" index="" image="">
		<description>Last Resort</description>
		<cloneof></cloneof>
		<crc></crc>
		<manufacturer>SNK</manufacturer>
		<year>1992</year>
		<genre>Action/Shooter</genre>
		<rating>Other - NR (Not Rated)</rating>
		<enabled>Yes</enabled>
	</game>
	<game name="lbowling" index="" image="">
		<description>League Bowling</description>
		<cloneof></cloneof>
		<crc></crc>
		<manufacturer>SNK</manufacturer>
		<year>1991</year>
		<genre>Sports/Bowling</genre>
		<rating>Other - NR (Not Rated)</rating>
		<enabled>Yes</enabled>
	</game>
	<game name="legendos" index="" image="">
		<description>Legend of Success Joe</description>
		<cloneof></cloneof>
		<crc></crc>
		<manufacturer>Wave</manufacturer>
		<year>1991</year>
		<genre>Sports/Boxing</genre>
		<rating>Other - NR (Not Rated)</rating>
		<enabled>Yes</enabled>
	</game>
	<game name="magdrop2" index="true" image="m">
		<description>Magical Drop 2</description>
		<cloneof></cloneof>
		<crc></crc>
		<manufacturer>Data East</manufacturer>
		<year>1996</year>
		<genre>Puzzle/Miscellaneous</genre>
		<rating>Other - NR (Not Rated)</rating>
		<enabled>Yes</enabled>
	</game>
	<game name="magdrop3" index="" image="">
		<description>Magical Drop 3</description>
		<cloneof></cloneof>
		<crc></crc>
		<manufacturer>Data East</manufacturer>
		<year>1997</year>
		<genre>Puzzle/Miscellaneous</genre>
		<rating>Other - NR (Not Rated)</rating>
		<enabled>Yes</enabled>
	</game>
	<game name="maglord" index="" image="">
		<description>Magician Lord</description>
		<cloneof></cloneof>
		<crc></crc>
		<manufacturer>ADK</manufacturer>
		<year>1990</year>
		<genre>Adventure/Fantasy</genre>
		<rating>Other - NR (Not Rated)</rating>
		<enabled>Yes</enabled>
	</game>
	<game name="matrim" index="" image="">
		<description>Matrimelee</description>
		<cloneof></cloneof>
		<crc></crc>
		<manufacturer>Noise Factory</manufacturer>
		<year>2003</year>
		<genre>Action/Fighting</genre>
		<rating>Other - NR (Not Rated)</rating>
		<enabled>Yes</enabled>
	</game>
	<game name="mslug" index="" image="">
		<description>Metal Slug</description>
		<cloneof></cloneof>
		<crc></crc>
		<manufacturer>SNK</manufacturer>
		<year>1996</year>
		<genre>Action/Shooter</genre>
		<rating>Other - NR (Not Rated)</rating>
		<enabled>Yes</enabled>
	</game>
	<game name="mslug2" index="" image="">
		<description>Metal Slug 2</description>
		<cloneof></cloneof>
		<crc></crc>
		<manufacturer>SNK</manufacturer>
		<year>1998</year>
		<genre>Action/Shooter</genre>
		<rating>Other - NR (Not Rated)</rating>
		<enabled>Yes</enabled>
	</game>
	<game name="mslug3" index="" image="">
		<description>Metal Slug 3</description>
		<cloneof></cloneof>
		<crc></crc>
		<manufacturer>SNK</manufacturer>
		<year>2000</year>
		<genre>Action/Shooter</genre>
		<rating>Other - NR (Not Rated)</rating>
		<enabled>Yes</enabled>
	</game>
	<game name="mslug4" index="" image="">
		<description>Metal Slug 4</description>
		<cloneof></cloneof>
		<crc></crc>
		<manufacturer>Mega</manufacturer>
		<year>2002</year>
		<genre>Action/Shooter</genre>
		<rating>Other - NR (Not Rated)</rating>
		<enabled>Yes</enabled>
	</game>
	<game name="mslug5" index="" image="">
		<description>Metal Slug 5</description>
		<cloneof></cloneof>
		<crc></crc>
		<manufacturer>SNK Playmore</manufacturer>
		<year>2003</year>
		<genre>Action/Shooter</genre>
		<rating>Other - NR (Not Rated)</rating>
		<enabled>Yes</enabled>
	</game>
	<game name="mslugx" index="" image="">
		<description>Metal Slug X</description>
		<cloneof></cloneof>
		<crc></crc>
		<manufacturer>SNK</manufacturer>
		<year>1999</year>
		<genre>Action/Shooter</genre>
		<rating>Other - NR (Not Rated)</rating>
		<enabled>Yes</enabled>
	</game>
	<game name="miexchng" index="" image="">
		<description>Money Puzzle Exchanger</description>
		<cloneof></cloneof>
		<crc></crc>
		<manufacturer>Face</manufacturer>
		<year>1997</year>
		<genre>Puzzle/Miscellaneous</genre>
		<rating>Other - NR (Not Rated)</rating>
		<enabled>Yes</enabled>
	</game>
	<game name="mutnat" index="" image="">
		<description>Mutation Nation</description>
		<cloneof></cloneof>
		<crc></crc>
		<manufacturer>SNK</manufacturer>
		<year>1992</year>
		<genre>Action/Beat-&apos;Em-Up</genre>
		<rating>Other - NR (Not Rated)</rating>
		<enabled>Yes</enabled>
	</game>
	<game name="nam1975" index="true" image="n">
		<description>NAM 1975</description>
		<cloneof></cloneof>
		<crc></crc>
		<manufacturer>SNK</manufacturer>
		<year>1990</year>
		<genre>Action/Shooter</genre>
		<rating>Other - NR (Not Rated)</rating>
		<enabled>Yes</enabled>
	</game>
	<game name="neobombe" index="" image="">
		<description>Neo Bomberman</description>
		<cloneof></cloneof>
		<crc></crc>
		<manufacturer>Hudson</manufacturer>
		<year>1997</year>
		<genre>Action/General</genre>
		<rating>Other - NR (Not Rated)</rating>
		<enabled>Yes</enabled>
	</game>
	<game name="neodrift" index="" image="">
		<description>Neo Driftout: New Technology</description>
		<cloneof></cloneof>
		<crc></crc>
		<manufacturer>Visco</manufacturer>
		<year>1996</year>
		<genre>Driving/Racing</genre>
		<rating>Other - NR (Not Rated)</rating>
		<enabled>Yes</enabled>
	</game>
	<game name="neocup98" index="" image="">
		<description>Neo Geo Cup &apos;98: The Road To Victory</description>
		<cloneof></cloneof>
		<crc></crc>
		<manufacturer>SNK</manufacturer>
		<year>1998</year>
		<genre>Sports/Soccer</genre>
		<rating>Other - NR (Not Rated)</rating>
		<enabled>Yes</enabled>
	</game>
	<game name="neomrdo" index="" image="">
		<description>Neo Mr. Do</description>
		<cloneof></cloneof>
		<crc></crc>
		<manufacturer>Visco</manufacturer>
		<year>1996</year>
		<genre>Action/General</genre>
		<rating>Other - NR (Not Rated)</rating>
		<enabled>Yes</enabled>
	</game>
	<game name="turfmast" index="" image="">
		<description>Neo Turf Masters</description>
		<cloneof></cloneof>
		<crc></crc>
		<manufacturer>Nazca</manufacturer>
		<year>1996</year>
		<genre>Sports/Golf</genre>
		<rating>Other - NR (Not Rated)</rating>
		<enabled>Yes</enabled>
	</game>
	<game name="nitd" index="" image="">
		<description>Nightmare in the Dark</description>
		<cloneof></cloneof>
		<crc></crc>
		<manufacturer>Gavaking</manufacturer>
		<year>2000</year>
		<genre>Action/Platformer</genre>
		<rating>Other - NR (Not Rated)</rating>
		<enabled>Yes</enabled>
	</game>
	<game name="ncombat" index="" image="">
		<description>Ninja Combat</description>
		<cloneof></cloneof>
		<crc></crc>
		<manufacturer>ADK</manufacturer>
		<year>1990</year>
		<genre>Action/Beat-&apos;Em-Up</genre>
		<rating>Other - NR (Not Rated)</rating>
		<enabled>Yes</enabled>
	</game>
	<game name="ncommand" index="" image="">
		<description>Ninja Commando</description>
		<cloneof></cloneof>
		<crc></crc>
		<manufacturer>ADK</manufacturer>
		<year>1992</year>
		<genre>Action/Shooter</genre>
		<rating>Other - NR (Not Rated)</rating>
		<enabled>Yes</enabled>
	</game>
	<game name="ninjamas" index="" image="">
		<description>Ninja Master&apos;s</description>
		<cloneof></cloneof>
		<crc></crc>
		<manufacturer>ADK</manufacturer>
		<year>1996</year>
		<genre>Action/Fighting</genre>
		<rating>Other - NR (Not Rated)</rating>
		<enabled>Yes</enabled>
	</game>
	<game name="overtop" index="true" image="o">
		<description>Over Top</description>
		<cloneof></cloneof>
		<crc></crc>
		<manufacturer>ADK</manufacturer>
		<year>1996</year>
		<genre>Driving/General</genre>
		<rating>Other - NR (Not Rated)</rating>
		<enabled>Yes</enabled>
	</game>
	<game name="panicbom" index="true" image="p">
		<description>Panic Bomber</description>
		<cloneof></cloneof>
		<crc></crc>
		<manufacturer>Hudson</manufacturer>
		<year>1994</year>
		<genre>Puzzle/Miscellaneous</genre>
		<rating>Other - NR (Not Rated)</rating>
		<enabled>Yes</enabled>
	</game>
	<game name="pgoal" index="" image="">
		<description>Pleasure Goal 5-on-5 Mini Soccer</description>
		<cloneof></cloneof>
		<crc></crc>
		<manufacturer>Saurus</manufacturer>
		<year>1996</year>
		<genre>Sports/Soccer</genre>
		<rating>Other - NR (Not Rated)</rating>
		<enabled>Yes</enabled>
	</game>
	<game name="pochi" index="" image="">
		<description>Pochi &amp; Nyaa</description>
		<cloneof></cloneof>
		<crc></crc>
		<manufacturer>SNK</manufacturer>
		<year>1993</year>
		<genre>Sports/Wrestling</genre>
		<rating>Other - NR (Not Rated)</rating>
		<enabled>Yes</enabled>
	</game>
	<game name="pnyaa" index="" image="">
		<description>Pochi &amp; Nyaa</description>
		<cloneof></cloneof>
		<crc></crc>
		<manufacturer>Aiky</manufacturer>
		<year>2003</year>
		<genre>Puzzle/Miscellaneous</genre>
		<rating>Other - NR (Not Rated)</rating>
		<enabled>Yes</enabled>
	</game>
	<game name="popbounc" index="" image="">
		<description>Pop &apos;N bounce</description>
		<cloneof></cloneof>
		<crc></crc>
		<manufacturer>Video System</manufacturer>
		<year>1997</year>
		<genre>Puzzle/Miscellaneous</genre>
		<rating>Other - NR (Not Rated)</rating>
		<enabled>Yes</enabled>
	</game>
	<game name="pspikes2" index="" image="">
		<description>Power Spikes 2</description>
		<cloneof></cloneof>
		<crc></crc>
		<manufacturer>Video System</manufacturer>
		<year>1995</year>
		<genre>Sports/Volleyball</genre>
		<rating>Other - NR (Not Rated)</rating>
		<enabled>Yes</enabled>
	</game>
	<game name="preisle2" index="" image="">
		<description>Prehistoric Isle 2</description>
		<cloneof></cloneof>
		<crc></crc>
		<manufacturer>Yumekobo</manufacturer>
		<year>1999</year>
		<genre>Action/General</genre>
		<rating>Other - NR (Not Rated)</rating>
		<enabled>Yes</enabled>
	</game>
	<game name="pulstar" index="" image="">
		<description>Pulstar</description>
		<cloneof></cloneof>
		<crc></crc>
		<manufacturer>Aicom</manufacturer>
		<year>1995</year>
		<genre>Action/Shooter</genre>
		<rating>Other - NR (Not Rated)</rating>
		<enabled>Yes</enabled>
	</game>
	<game name="pbobblen" index="" image="">
		<description>Puzzle Bobble / Bust-A-Move (Neo-Geo) (set 1)</description>
		<cloneof></cloneof>
		<crc>9036d879</crc>
		<manufacturer>Taito</manufacturer>
		<year>1994</year>
		<genre>Puzzle</genre>
		<rating>Other - NR (Not Rated)</rating>
		<enabled>Yes</enabled>
	</game>
	<game name="pbobbl2n" index="" image="">
		<description>Puzzle Bobble 2 / Bust-A-Move Again (Neo-Geo)</description>
		<cloneof></cloneof>
		<crc>9036d879</crc>
		<manufacturer>Taito (SNK license)</manufacturer>
		<year>1999</year>
		<genre>Puzzle</genre>
		<rating>Other - NR (Not Rated)</rating>
		<enabled>Yes</enabled>
	</game>
	<game name="puzzledp" index="" image="">
		<description>Puzzle de Pon!</description>
		<cloneof></cloneof>
		<crc></crc>
		<manufacturer>Visco</manufacturer>
		<year>1995</year>
		<genre>Puzzle/Miscellaneous</genre>
		<rating>Other - NR (Not Rated)</rating>
		<enabled>Yes</enabled>
	</game>
	<game name="puzzldpr" index="" image="">
		<description>Puzzle de Pon! R</description>
		<cloneof></cloneof>
		<crc></crc>
		<manufacturer>Visco</manufacturer>
		<year>1996</year>
		<genre>Puzzle/Miscellaneous</genre>
		<rating>Other - NR (Not Rated)</rating>
		<enabled>Yes</enabled>
	</game>
	<game name="joyjoy" index="" image="">
		<description>Puzzled</description>
		<cloneof></cloneof>
		<crc></crc>
		<manufacturer>SNK</manufacturer>
		<year>1990</year>
		<genre>Puzzle/Miscellaneous</genre>
		<rating>Other - NR (Not Rated)</rating>
		<enabled>Yes</enabled>
	</game>
	<game name="rotd" index="true" image="r">
		<description>Rage of the Dragons</description>
		<cloneof></cloneof>
		<crc></crc>
		<manufacturer>Evoga</manufacturer>
		<year>2002</year>
		<genre>Action/Fighting</genre>
		<rating>Other - NR (Not Rated)</rating>
		<enabled>Yes</enabled>
	</game>
	<game name="ragnagrd" index="" image="">
		<description>Ragnagard</description>
		<cloneof></cloneof>
		<crc></crc>
		<manufacturer>Saurus</manufacturer>
		<year>1996</year>
		<genre>Action/Fighting</genre>
		<rating>Other - NR (Not Rated)</rating>
		<enabled>Yes</enabled>
	</game>
	<game name="rbff1" index="" image="">
		<description>Real Bout Fatal Fury</description>
		<cloneof></cloneof>
		<crc></crc>
		<manufacturer>SNK</manufacturer>
		<year>1995</year>
		<genre>Action/Fighting</genre>
		<rating>Other - NR (Not Rated)</rating>
		<enabled>Yes</enabled>
	</game>
	<game name="rbff2" index="" image="">
		<description>Real Bout Fatal Fury 2</description>
		<cloneof></cloneof>
		<crc></crc>
		<manufacturer>SNK</manufacturer>
		<year>1998</year>
		<genre>Action/Fighting</genre>
		<rating>Other - NR (Not Rated)</rating>
		<enabled>Yes</enabled>
	</game>
	<game name="rbffspec" index="" image="">
		<description>Real Bout Fatal Fury Special</description>
		<cloneof></cloneof>
		<crc></crc>
		<manufacturer>SNK</manufacturer>
		<year>1996</year>
		<genre>Action/Fighting</genre>
		<rating>Other - NR (Not Rated)</rating>
		<enabled>Yes</enabled>
	</game>
	<game name="ridhero" index="" image="">
		<description>Riding Hero</description>
		<cloneof></cloneof>
		<crc></crc>
		<manufacturer>SNK</manufacturer>
		<year>1990</year>
		<genre>Driving/Racing</genre>
		<rating>Other - NR (Not Rated)</rating>
		<enabled>Yes</enabled>
	</game>
	<game name="roboarmy" index="" image="">
		<description>Robo Army</description>
		<cloneof></cloneof>
		<crc></crc>
		<manufacturer>SNk</manufacturer>
		<year>1991</year>
		<genre>Action/Beat-&apos;Em-Up</genre>
		<rating>Other - NR (Not Rated)</rating>
		<enabled>Yes</enabled>
	</game>
	<game name="samsho" index="true" image="s">
		<description>Samurai Showdown</description>
		<cloneof></cloneof>
		<crc></crc>
		<manufacturer>SNK</manufacturer>
		<year>1993</year>
		<genre>Action/Fighting</genre>
		<rating>Other - NR (Not Rated)</rating>
		<enabled>Yes</enabled>
	</game>
	<game name="samsho2" index="" image="">
		<description>Samurai Showdown 2</description>
		<cloneof></cloneof>
		<crc></crc>
		<manufacturer>SNK</manufacturer>
		<year>1994</year>
		<genre>Action/Fighting</genre>
		<rating>Other - NR (Not Rated)</rating>
		<enabled>Yes</enabled>
	</game>
	<game name="samsho3" index="" image="">
		<description>Samurai Showdown 3: Blades of Blood</description>
		<cloneof></cloneof>
		<crc></crc>
		<manufacturer>SNK</manufacturer>
		<year>1995</year>
		<genre>Action/Fighting</genre>
		<rating>Other - NR (Not Rated)</rating>
		<enabled>Yes</enabled>
	</game>
	<game name="samsho4" index="" image="">
		<description>Samurai Showdown 4: Amakusa&apos;s Revenge</description>
		<cloneof></cloneof>
		<crc></crc>
		<manufacturer>SNK</manufacturer>
		<year>1996</year>
		<genre>Action/Fighting</genre>
		<rating>Other - NR (Not Rated)</rating>
		<enabled>Yes</enabled>
	</game>
	<game name="samsho5" index="" image="">
		<description>Samurai Showdown 5</description>
		<cloneof></cloneof>
		<crc></crc>
		<manufacturer>Yuki Enterprise</manufacturer>
		<year>2003</year>
		<genre>Action/Fighting</genre>
		<rating>Other - NR (Not Rated)</rating>
		<enabled>Yes</enabled>
	</game>
	<game name="samsh5sp" index="" image="">
		<description>Samurai Showdown 5 Special</description>
		<cloneof></cloneof>
		<crc></crc>
		<manufacturer>Yuki Enterprise</manufacturer>
		<year>2004</year>
		<genre>Action/Fighting</genre>
		<rating>Other - NR (Not Rated)</rating>
		<enabled>Yes</enabled>
	</game>
	<game name="savagere" index="" image="">
		<description>Savage Reign</description>
		<cloneof></cloneof>
		<crc></crc>
		<manufacturer>SNK</manufacturer>
		<year>1995</year>
		<genre>Action/Fighting</genre>
		<rating>Other - NR (Not Rated)</rating>
		<enabled>Yes</enabled>
	</game>
	<game name="sengoku" index="" image="">
		<description>Sengoku</description>
		<cloneof></cloneof>
		<crc></crc>
		<manufacturer>SNK</manufacturer>
		<year>1991</year>
		<genre>Action/Beat-&apos;Em-Up</genre>
		<rating>Other - NR (Not Rated)</rating>
		<enabled>Yes</enabled>
	</game>
	<game name="sengoku2" index="" image="">
		<description>Sengoku 2</description>
		<cloneof></cloneof>
		<crc></crc>
		<manufacturer>SNK</manufacturer>
		<year>1993</year>
		<genre>Action/Beat-&apos;Em-Up</genre>
		<rating>Other - NR (Not Rated)</rating>
		<enabled>Yes</enabled>
	</game>
	<game name="sengoku3" index="" image="">
		<description>Sengoku 3</description>
		<cloneof></cloneof>
		<crc></crc>
		<manufacturer>Noise Factory</manufacturer>
		<year>2001</year>
		<genre>Action/Beat-&apos;Em-Up</genre>
		<rating>Other - NR (Not Rated)</rating>
		<enabled>Yes</enabled>
	</game>
	<game name="shocktro" index="" image="">
		<description>Shock Troopers</description>
		<cloneof></cloneof>
		<crc></crc>
		<manufacturer>Saurus</manufacturer>
		<year>1997</year>
		<genre>Action/General</genre>
		<rating>Other - NR (Not Rated)</rating>
		<enabled>Yes</enabled>
	</game>
	<game name="shocktr2" index="" image="">
		<description>Shock Troopers 2nd Squad</description>
		<cloneof></cloneof>
		<crc></crc>
		<manufacturer>Saurus</manufacturer>
		<year>1998</year>
		<genre>Action/General</genre>
		<rating>Other - NR (Not Rated)</rating>
		<enabled>Yes</enabled>
	</game>
	<game name="socbrawl" index="" image="">
		<description>Soccer Brawl</description>
		<cloneof></cloneof>
		<crc></crc>
		<manufacturer>SNK</manufacturer>
		<year>1992</year>
		<genre>Sports/Soccer</genre>
		<rating>Other - NR (Not Rated)</rating>
		<enabled>Yes</enabled>
	</game>
	<game name="spinmast" index="" image="">
		<description>Spinmaster</description>
		<cloneof></cloneof>
		<crc></crc>
		<manufacturer>Data East</manufacturer>
		<year>1993</year>
		<genre>Action/Platformer</genre>
		<rating>Other - NR (Not Rated)</rating>
		<enabled>Yes</enabled>
	</game>
	<game name="stakwin" index="" image="">
		<description>Stakes Winner</description>
		<cloneof></cloneof>
		<crc></crc>
		<manufacturer>Saurus</manufacturer>
		<year>1995</year>
		<genre>Sports/Other</genre>
		<rating>Other - NR (Not Rated)</rating>
		<enabled>Yes</enabled>
	</game>
	<game name="stakwin2" index="" image="">
		<description>Stakes Winner 2</description>
		<cloneof></cloneof>
		<crc></crc>
		<manufacturer>Saurus</manufacturer>
		<year>1996</year>
		<genre>Sports/Other</genre>
		<rating>Other - NR (Not Rated)</rating>
		<enabled>Yes</enabled>
	</game>
	<game name="strhoop" index="" image="">
		<description>Street Hoop</description>
		<cloneof></cloneof>
		<crc></crc>
		<manufacturer>Data East</manufacturer>
		<year>1994</year>
		<genre>Sports/Basketball</genre>
		<rating>Other - NR (Not Rated)</rating>
		<enabled>Yes</enabled>
	</game>
	<game name="s1945p" index="" image="">
		<description>Strikers 1945 Plus</description>
		<cloneof></cloneof>
		<crc></crc>
		<manufacturer>Psikyo</manufacturer>
		<year>1999</year>
		<genre>Action/Shooter</genre>
		<rating>Other - NR (Not Rated)</rating>
		<enabled>Yes</enabled>
	</game>
	<game name="2020bb" index="" image="">
		<description>Super Baseball 2020</description>
		<cloneof></cloneof>
		<crc></crc>
		<manufacturer>Pallas</manufacturer>
		<year>1991</year>
		<genre>Sports/Baseball</genre>
		<rating>Other - NR (Not Rated)</rating>
		<enabled>Yes</enabled>
	</game>
	<game name="sdodgeb" index="" image="">
		<description>Super Dodge Ball</description>
		<cloneof></cloneof>
		<crc></crc>
		<manufacturer>Technos</manufacturer>
		<year>1996</year>
		<genre>Sports/Other</genre>
		<rating>Other - NR (Not Rated)</rating>
		<enabled>Yes</enabled>
	</game>
	<game name="ssideki" index="" image="">
		<description>Super Sidekicks</description>
		<cloneof></cloneof>
		<crc></crc>
		<manufacturer>SNK</manufacturer>
		<year>1992</year>
		<genre>Sports/Soccer</genre>
		<rating>Other - NR (Not Rated)</rating>
		<enabled>Yes</enabled>
	</game>
	<game name="ssideki2" index="" image="">
		<description>Super Sidekicks 2</description>
		<cloneof></cloneof>
		<crc></crc>
		<manufacturer>SNK</manufacturer>
		<year>1994</year>
		<genre>Sports/Soccer</genre>
		<rating>Other - NR (Not Rated)</rating>
		<enabled>Yes</enabled>
	</game>
	<game name="ssideki3" index="" image="">
		<description>Super Sidekicks 3</description>
		<cloneof></cloneof>
		<crc></crc>
		<manufacturer>SNK</manufacturer>
		<year>1995</year>
		<genre>Sports/Soccer</genre>
		<rating>Other - NR (Not Rated)</rating>
		<enabled>Yes</enabled>
	</game>
	<game name="ssideki4" index="" image="">
		<description>Super Sidekicks 4: The Ultimate 11</description>
		<cloneof></cloneof>
		<crc></crc>
		<manufacturer>SNK</manufacturer>
		<year>1996</year>
		<genre>Sports/Soccer</genre>
		<rating>Other - NR (Not Rated)</rating>
		<enabled>Yes</enabled>
	</game>
	<game name="superspy" index="" image="">
		<description>Super Spy, The</description>
		<cloneof></cloneof>
		<crc></crc>
		<manufacturer>SNK</manufacturer>
		<year>1990</year>
		<genre>Action/General</genre>
		<rating>Other - NR (Not Rated)</rating>
		<enabled>Yes</enabled>
	</game>
	<game name="svc" index="" image="">
		<description>SVC Chaos: SNK vs. Capcom</description>
		<cloneof></cloneof>
		<crc></crc>
		<manufacturer>SNK Playmore</manufacturer>
		<year>2003</year>
		<genre>Action/Fighting</genre>
		<rating>Other - NR (Not Rated)</rating>
		<enabled>Yes</enabled>
	</game>
	<game name="tws96" index="true" image="t">
		<description>Tecmo World Soccer &apos;96</description>
		<cloneof></cloneof>
		<crc></crc>
		<manufacturer>Tecmo</manufacturer>
		<year>1996</year>
		<genre>Sports/Soccer</genre>
		<rating>Other - NR (Not Rated)</rating>
		<enabled>Yes</enabled>
	</game>
	<game name="trally" index="" image="">
		<description>Thrash Rally</description>
		<cloneof></cloneof>
		<crc></crc>
		<manufacturer>ADK</manufacturer>
		<year>1991</year>
		<genre>Driving/Racing</genre>
		<rating>Other - NR (Not Rated)</rating>
		<enabled>Yes</enabled>
	</game>
	<game name="tophuntr" index="" image="">
		<description>Top Hunter: Roddy &amp; Cathy</description>
		<cloneof></cloneof>
		<crc></crc>
		<manufacturer>SNK</manufacturer>
		<year>1994</year>
		<genre>Action/General</genre>
		<rating>Other - NR (Not Rated)</rating>
		<enabled>Yes</enabled>
	</game>
	<game name="tpgolf" index="" image="">
		<description>Top Player&apos;s Golf</description>
		<cloneof></cloneof>
		<crc></crc>
		<manufacturer>SNK</manufacturer>
		<year>1990</year>
		<genre>Sports/Golf</genre>
		<rating>Other - NR (Not Rated)</rating>
		<enabled>Yes</enabled>
	</game>
	<game name="twinspri" index="" image="">
		<description>Twinkle Star Sprites</description>
		<cloneof></cloneof>
		<crc></crc>
		<manufacturer>ADK</manufacturer>
		<year>1996</year>
		<genre>Action/Shooter</genre>
		<rating>Other - NR (Not Rated)</rating>
		<enabled>Yes</enabled>
	</game>
	<game name="viewpoin" index="true" image="v">
		<description>Viewpoint</description>
		<cloneof></cloneof>
		<crc></crc>
		<manufacturer>Sammy</manufacturer>
		<year>1992</year>
		<genre>Action/Shooter</genre>
		<rating>Other - NR (Not Rated)</rating>
		<enabled>Yes</enabled>
	</game>
	<game name="gowcaizr" index="" image="">
		<description>Voltage Fighter Gowcaizer </description>
		<cloneof></cloneof>
		<crc></crc>
		<manufacturer>Technos</manufacturer>
		<year>1995</year>
		<genre>Action/Fighter</genre>
		<rating>Other - NR (Not Rated)</rating>
		<enabled>Yes</enabled>
	</game>
	<game name="wakuwak7" index="true" image="w">
		<description>Waku Waku 7</description>
		<cloneof></cloneof>
		<crc></crc>
		<manufacturer>Sunsoft</manufacturer>
		<year>1996</year>
		<genre>Action/Fighting</genre>
		<rating>Other - NR (Not Rated)</rating>
		<enabled>Yes</enabled>
	</game>
	<game name="wjammers" index="" image="">
		<description>Windammers</description>
		<cloneof></cloneof>
		<crc></crc>
		<manufacturer>Data East</manufacturer>
		<year>1994</year>
		<genre>Sports/Other</genre>
		<rating>Other - NR (Not Rated)</rating>
		<enabled>Yes</enabled>
	</game>
	<game name="wh1" index="" image="">
		<description>World Heroes</description>
		<cloneof></cloneof>
		<crc></crc>
		<manufacturer>ADK</manufacturer>
		<year>1992</year>
		<genre>Action/Fighting</genre>
		<rating>Other - NR (Not Rated)</rating>
		<enabled>Yes</enabled>
	</game>
	<game name="wh2" index="" image="">
		<description>World Heroes 2</description>
		<cloneof></cloneof>
		<crc></crc>
		<manufacturer>ADK</manufacturer>
		<year>1993</year>
		<genre>Action/Fighting</genre>
		<rating>Other - NR (Not Rated)</rating>
		<enabled>Yes</enabled>
	</game>
	<game name="wh2j" index="" image="">
		<description>World Heroes 2 Jet</description>
		<cloneof></cloneof>
		<crc></crc>
		<manufacturer>ADK</manufacturer>
		<year>1994</year>
		<genre>Action/Fighting</genre>
		<rating>Other - NR (Not Rated)</rating>
		<enabled>Yes</enabled>
	</game>
	<game name="whp" index="" image="">
		<description>World Heroes Perfect</description>
		<cloneof></cloneof>
		<crc></crc>
		<manufacturer>ADK</manufacturer>
		<year>1995</year>
		<genre>Action/Fighting</genre>
		<rating>Other - NR (Not Rated)</rating>
		<enabled>Yes</enabled>
	</game>
	<game name="zedblade" index="true" image="z">
		<description>Zed Blade</description>
		<cloneof></cloneof>
		<crc></crc>
		<manufacturer>NMK</manufacturer>
		<year>1994</year>
		<genre>Action/Shooter</genre>
		<rating>Other - NR (Not Rated)</rating>
		<enabled>Yes</enabled>
	</game>
	<game name="zupapa" index="" image="">
		<description>Zupapa!</description>
		<cloneof></cloneof>
		<crc></crc>
		<manufacturer>Face</manufacturer>
		<year>2001</year>
		<genre>Action/Platformer</genre>
		<rating>Other - NR (Not Rated)</rating>
		<enabled>Yes</enabled>
	</game>
</menu>