<?xml version="1.0"?>
<menu>
	<header>
		<listname>SNK Neo Geo MVS</listname>
		<lastlistupdate>02/08/2016</lastlistupdate>
		<listversion>.141 Ongoing</listversion>
		<exporterversion>HyperList XML Exporter Version 1.3 Copywrite (c) 2009-2011 William Strong</exporterversion>
	</header>
	<game name="2020bb" index="true" image="2">
		<description>2020 Super Baseball (set 1)</description>
		<cloneof></cloneof>
		<crc>9036d879</crc>
		<manufacturer>SNK / Pallas</manufacturer>
		<year>1991</year>
		<genre>Sports/Baseball</genre>
		<rating>AAMA - Green (Suitable For All Ages)</rating>
		<enabled>Yes</enabled>
	</game>
	<game name="3countb" index="true" image="3">
		<description>3 Count Bout / Fire Suplex</description>
		<cloneof></cloneof>
		<crc>9036d879</crc>
		<manufacturer>SNK</manufacturer>
		<year>1993</year>
		<genre>Sports/Wrestling</genre>
		<rating>AAMA - Yellow (Life Like Violence Mild)</rating>
		<enabled>Yes</enabled>
	</game>
	<game name="sonicwi2" index="true" image="a">
		<description>Aero Fighters 2 / Sonic Wings 2</description>
		<cloneof></cloneof>
		<crc>9036d879</crc>
		<manufacturer>Video System Co.</manufacturer>
		<year>1994</year>
		<genre>Shooter/Flying</genre>
		<rating>AAMA - Green (Suitable For All Ages)</rating>
		<enabled>Yes</enabled>
	</game>
	<game name="sonicwi3" index="" image="">
		<description>Aero Fighters 3 / Sonic Wings 3</description>
		<cloneof></cloneof>
		<crc>9036d879</crc>
		<manufacturer>Video System Co.</manufacturer>
		<year>1995</year>
		<genre>Shooter/Flying</genre>
		<rating>AAMA - Green (Suitable For All Ages)</rating>
		<enabled>Yes</enabled>
	</game>
	<game name="aodk" index="" image="">
		<description>Aggressors of Dark Kombat / Tsuukai GANGAN Koushinkyoku</description>
		<cloneof></cloneof>
		<crc>9036d879</crc>
		<manufacturer>ADK / SNK</manufacturer>
		<year>1994</year>
		<genre>Fighter</genre>
		<rating>AAMA - Green (Suitable For All Ages)</rating>
		<enabled>Yes</enabled>
	</game>
	<game name="alpham2" index="" image="">
		<description>Alpha Mission II / ASO II - Last Guardian</description>
		<cloneof></cloneof>
		<crc>9036d879</crc>
		<manufacturer>SNK</manufacturer>
		<year>1991</year>
		<genre>Shooter/Flying</genre>
		<rating>AAMA - Green (Suitable For All Ages)</rating>
		<enabled>Yes</enabled>
	</game>
	<game name="androdun" index="" image="">
		<description>Andro Dunos</description>
		<cloneof></cloneof>
		<crc>9036d879</crc>
		<manufacturer>Visco</manufacturer>
		<year>1992</year>
		<genre>Shooter/Flying</genre>
		<rating>AAMA - Green (Suitable For All Ages)</rating>
		<enabled>Yes</enabled>
	</game>
	<game name="aof" index="" image="">
		<description>Art of Fighting / Ryuuko no Ken</description>
		<cloneof></cloneof>
		<crc>9036d879</crc>
		<manufacturer>SNK</manufacturer>
		<year>1992</year>
		<genre>Fighter</genre>
		<rating>AAMA - Red (Animated Violence Strong)</rating>
		<enabled>Yes</enabled>
	</game>
	<game name="aof2" index="" image="">
		<description>Art of Fighting 2 / Ryuuko no Ken 2 (set 1)</description>
		<cloneof></cloneof>
		<crc>9036d879</crc>
		<manufacturer>SNK</manufacturer>
		<year>1994</year>
		<genre>Fighter</genre>
		<rating>AAMA - Red (Animated Violence Strong)</rating>
		<enabled>Yes</enabled>
	</game>
	<game name="aof3" index="" image="">
		<description>Art of Fighting 3 - The Path of the Warrior / Art of Fighting - Ryuuko no Ken Gaiden</description>
		<cloneof></cloneof>
		<crc>9036d879</crc>
		<manufacturer>SNK</manufacturer>
		<year>1996</year>
		<genre>Fighter</genre>
		<rating>AAMA - Red (Animated Violence Strong)</rating>
		<enabled>Yes</enabled>
	</game>
	<game name="bangbead" index="true" image="b">
		<description>Bang Bead</description>
		<cloneof></cloneof>
		<crc>9036d879</crc>
		<manufacturer>Visco</manufacturer>
		<year>2000</year>
		<genre>Sports</genre>
		<rating>AAMA - Green (Suitable For All Ages)</rating>
		<enabled>Yes</enabled>
	</game>
	<game name="bstars2" index="" image="">
		<description>Baseball Stars 2</description>
		<cloneof></cloneof>
		<crc>9036d879</crc>
		<manufacturer>SNK</manufacturer>
		<year>1992</year>
		<genre>Sports/Baseball</genre>
		<rating>AAMA - Green (Suitable For All Ages)</rating>
		<enabled>Yes</enabled>
	</game>
	<game name="bstars" index="" image="">
		<description>Baseball Stars Professional (set 1)</description>
		<cloneof></cloneof>
		<crc>9036d879</crc>
		<manufacturer>SNK</manufacturer>
		<year>1990</year>
		<genre>Sports/Baseball</genre>
		<rating>AAMA - Green (Suitable For All Ages)</rating>
		<enabled>Yes</enabled>
	</game>
	<game name="flipshot" index="" image="">
		<description>Battle Flip Shot</description>
		<cloneof></cloneof>
		<crc>9036d879</crc>
		<manufacturer>Visco</manufacturer>
		<year>1998</year>
		<genre>Sports</genre>
		<rating>AAMA - Green (Suitable For All Ages)</rating>
		<enabled>Yes</enabled>
	</game>
	<game name="blazstar" index="" image="">
		<description>Blazing Star</description>
		<cloneof></cloneof>
		<crc>9036d879</crc>
		<manufacturer>Yumekobo</manufacturer>
		<year>1998</year>
		<genre>Shooter/Flying</genre>
		<rating>AAMA - Green (Suitable For All Ages)</rating>
		<enabled>Yes</enabled>
	</game>
	<game name="bjourney" index="" image="">
		<description>Blue&apos;s Journey / Raguy</description>
		<cloneof></cloneof>
		<crc>9036d879</crc>
		<manufacturer>Alpha Denshi Co.</manufacturer>
		<year>1990</year>
		<genre>Platform</genre>
		<rating>AAMA - Green (Suitable For All Ages)</rating>
		<enabled>Yes</enabled>
	</game>
	<game name="breakers" index="" image="">
		<description>Breakers</description>
		<cloneof></cloneof>
		<crc>9036d879</crc>
		<manufacturer>Visco</manufacturer>
		<year>1996</year>
		<genre>Fighter</genre>
		<rating>AAMA - Yellow (Animated Violence Mild)</rating>
		<enabled>Yes</enabled>
	</game>
	<game name="breakrev" index="" image="">
		<description>Breakers Revenge</description>
		<cloneof></cloneof>
		<crc>9036d879</crc>
		<manufacturer>Visco</manufacturer>
		<year>1998</year>
		<genre>Fighter</genre>
		<rating>AAMA - Yellow (Animated Violence Mild)</rating>
		<enabled>Yes</enabled>
	</game>
	<game name="burningf" index="" image="">
		<description>Burning Fight (set 1)</description>
		<cloneof></cloneof>
		<crc>9036d879</crc>
		<manufacturer>SNK</manufacturer>
		<year>1991</year>
		<genre>Fighter</genre>
		<rating>AAMA - Yellow (Animated Violence Mild)</rating>
		<enabled>Yes</enabled>
	</game>
	<game name="ctomaday" index="true" image="c">
		<description>Captain Tomaday</description>
		<cloneof></cloneof>
		<crc>9036d879</crc>
		<manufacturer>Visco</manufacturer>
		<year>1999</year>
		<genre>Shooter/Flying</genre>
		<rating>AAMA - Green (Suitable For All Ages)</rating>
		<enabled>Yes</enabled>
	</game>
	<game name="crsword" index="" image="">
		<description>Crossed Swords</description>
		<cloneof></cloneof>
		<crc>9036d879</crc>
		<manufacturer>Alpha Denshi Co.</manufacturer>
		<year>1991</year>
		<genre>Fighter</genre>
		<rating>AAMA - Yellow (Animated Violence Mild)</rating>
		<enabled>Yes</enabled>
	</game>
	<game name="cyberlip" index="" image="">
		<description>Cyber-Lip</description>
		<cloneof></cloneof>
		<crc>9036d879</crc>
		<manufacturer>SNK</manufacturer>
		<year>1990</year>
		<genre>Platform</genre>
		<rating>AAMA - Yellow (Animated Violence Mild)</rating>
		<enabled>Yes</enabled>
	</game>
	<game name="doubledr" index="true" image="d">
		<description>Double Dragon (Neo-Geo)</description>
		<cloneof></cloneof>
		<crc>9036d879</crc>
		<manufacturer>Technos Japan</manufacturer>
		<year>1995</year>
		<genre>Fighter</genre>
		<rating>AAMA - Red (Animated Violence Strong)</rating>
		<enabled>Yes</enabled>
	</game>
	<game name="eightman" index="true" image="e">
		<description>Eight Man</description>
		<cloneof></cloneof>
		<crc>9036d879</crc>
		<manufacturer>SNK / Pallas</manufacturer>
		<year>1991</year>
		<genre>Platform</genre>
		<rating>AAMA - Yellow (Animated Violence Mild)</rating>
		<enabled>Yes</enabled>
	</game>
	<game name="kabukikl" index="true" image="f">
		<description>Far East of Eden - Kabuki Klash / Tengai Makyou - Shin Den</description>
		<cloneof></cloneof>
		<crc>9036d879</crc>
		<manufacturer>Hudson</manufacturer>
		<year>1995</year>
		<genre>Fighter</genre>
		<rating>AAMA - Yellow (Life Like Violence Mild)</rating>
		<enabled>Yes</enabled>
	</game>
	<game name="fatfury1" index="" image="">
		<description>Fatal Fury - King of Fighters / Garou Densetsu - shukumei no tatakai</description>
		<cloneof></cloneof>
		<crc>9036d879</crc>
		<manufacturer>SNK</manufacturer>
		<year>1991</year>
		<genre>Fighter</genre>
		<rating>AAMA - Red (Animated Violence Strong)</rating>
		<enabled>Yes</enabled>
	</game>
	<game name="fatfury2" index="" image="">
		<description>Fatal Fury 2 / Garou Densetsu 2 - arata-naru tatakai</description>
		<cloneof></cloneof>
		<crc>9036d879</crc>
		<manufacturer>SNK</manufacturer>
		<year>1992</year>
		<genre>Fighter</genre>
		<rating>AAMA - Red (Animated Violence Strong)</rating>
		<enabled>Yes</enabled>
	</game>
	<game name="fatfury3" index="" image="">
		<description>Fatal Fury 3 - Road to the Final Victory / Garou Densetsu 3 - haruka-naru tatakai</description>
		<cloneof></cloneof>
		<crc>9036d879</crc>
		<manufacturer>SNK</manufacturer>
		<year>1995</year>
		<genre>Fighter</genre>
		<rating>AAMA - Red (Animated Violence Strong)</rating>
		<enabled>Yes</enabled>
	</game>
	<game name="fatfursp" index="" image="">
		<description>Fatal Fury Special / Garou Densetsu Special (set 1)</description>
		<cloneof></cloneof>
		<crc>9036d879</crc>
		<manufacturer>SNK</manufacturer>
		<year>1993</year>
		<genre>Fighter</genre>
		<rating>AAMA - Red (Animated Violence Strong)</rating>
		<enabled>Yes</enabled>
	</game>
	<game name="fightfev" index="" image="">
		<description>Fight Fever (set 1)</description>
		<cloneof></cloneof>
		<crc>9036d879</crc>
		<manufacturer>Viccom</manufacturer>
		<year>1994</year>
		<genre>Fighter</genre>
		<rating>AAMA - Yellow (Animated Violence Mild)</rating>
		<enabled>Yes</enabled>
	</game>
	<game name="fbfrenzy" index="" image="">
		<description>Football Frenzy</description>
		<cloneof></cloneof>
		<crc>9036d879</crc>
		<manufacturer>SNK</manufacturer>
		<year>1992</year>
		<genre>Sports/Football</genre>
		<rating>AAMA - Green (Suitable For All Ages)</rating>
		<enabled>Yes</enabled>
	</game>
	<game name="galaxyfg" index="true" image="g">
		<description>Galaxy Fight</description>
		<cloneof></cloneof>
		<crc></crc>
		<manufacturer>SNK</manufacturer>
		<year>1993</year>
		<genre>Sports/Wrestling</genre>
		<rating>AAMA - Red (Animated Violence Strong)</rating>
		<enabled>Yes</enabled>
	</game>
	<game name="ganryu" index="" image="">
		<description>Ganryu / Musashi Ganryuki</description>
		<cloneof></cloneof>
		<crc>9036d879</crc>
		<manufacturer>Visco</manufacturer>
		<year>1999</year>
		<genre>Platform</genre>
		<rating>AAMA - Yellow (Animated Violence Mild)</rating>
		<enabled>Yes</enabled>
	</game>
	<game name="garou" index="" image="">
		<description>Garou - Mark of the Wolves (set 1)</description>
		<cloneof></cloneof>
		<crc>9036d879</crc>
		<manufacturer>SNK</manufacturer>
		<year>1999</year>
		<genre>Fighter</genre>
		<rating>AAMA - Red (Animated Violence Strong)</rating>
		<enabled>Yes</enabled>
	</game>
	<game name="gpilots" index="" image="">
		<description>Ghost Pilots (set 1)</description>
		<cloneof></cloneof>
		<crc>9036d879</crc>
		<manufacturer>SNK</manufacturer>
		<year>1991</year>
		<genre>Shooter/Flying</genre>
		<rating>AAMA - Green (Suitable For All Ages)</rating>
		<enabled>Yes</enabled>
	</game>
	<game name="ghostlop" index="" image="">
		<description>Ghostlop (prototype)</description>
		<cloneof></cloneof>
		<crc>9036d879</crc>
		<manufacturer>Data East Corporation</manufacturer>
		<year>1996</year>
		<genre>Puzzle</genre>
		<rating>AAMA - Green (Suitable For All Ages)</rating>
		<enabled>Yes</enabled>
	</game>
	<game name="goalx3" index="" image="">
		<description>Goal! Goal! Goal!</description>
		<cloneof></cloneof>
		<crc>9036d879</crc>
		<manufacturer>Visco</manufacturer>
		<year>1995</year>
		<genre>Sports/Soccer</genre>
		<rating>AAMA - Green (Suitable For All Ages)</rating>
		<enabled>Yes</enabled>
	</game>
	<game name="gururin" index="" image="">
		<description>Gururin</description>
		<cloneof></cloneof>
		<crc>9036d879</crc>
		<manufacturer>Face</manufacturer>
		<year>1994</year>
		<genre>Puzzle</genre>
		<rating>AAMA - Green (Suitable For All Ages)</rating>
		<enabled>Yes</enabled>
	</game>
	<game name="karnovr" index="true" image="k">
		<description>Karnov&apos;s Revenge / Fighter&apos;s History Dynamite</description>
		<cloneof></cloneof>
		<crc>9036d879</crc>
		<manufacturer>Data East Corporation</manufacturer>
		<year>1994</year>
		<genre>Fighter</genre>
		<rating>AAMA - Red (Animated Violence Strong)</rating>
		<enabled>Yes</enabled>
	</game>
	<game name="kotm" index="" image="">
		<description>King of the Monsters (set 1)</description>
		<cloneof></cloneof>
		<crc>9036d879</crc>
		<manufacturer>SNK</manufacturer>
		<year>1991</year>
		<genre>Fighter</genre>
		<rating>AAMA - Yellow (Animated Violence Mild)</rating>
		<enabled>Yes</enabled>
	</game>
	<game name="kotm2" index="" image="">
		<description>King of the Monsters 2 - The Next Thing</description>
		<cloneof></cloneof>
		<crc>9036d879</crc>
		<manufacturer>SNK</manufacturer>
		<year>1992</year>
		<genre>Fighter</genre>
		<rating>AAMA - Yellow (Animated Violence Mild)</rating>
		<enabled>Yes</enabled>
	</game>
	<game name="kizuna" index="" image="">
		<description>Kizuna Encounter - Super Tag Battle / Fu&apos;un Super Tag Battle</description>
		<cloneof></cloneof>
		<crc>9036d879</crc>
		<manufacturer>SNK</manufacturer>
		<year>1996</year>
		<genre>Fighter</genre>
		<rating>AAMA - Red (Animated Violence Strong)</rating>
		<enabled>Yes</enabled>
	</game>
	<game name="lresort" index="true" image="l">
		<description>Last Resort</description>
		<cloneof></cloneof>
		<crc>9036d879</crc>
		<manufacturer>SNK</manufacturer>
		<year>1992</year>
		<genre>Shooter/Flying</genre>
		<rating>AAMA - Green (Suitable For All Ages)</rating>
		<enabled>Yes</enabled>
	</game>
	<game name="lbowling" index="" image="">
		<description>League Bowling</description>
		<cloneof></cloneof>
		<crc>9036d879</crc>
		<manufacturer>SNK</manufacturer>
		<year>1990</year>
		<genre>Sports/Bowling</genre>
		<rating>AAMA - Green (Suitable For All Ages)</rating>
		<enabled>Yes</enabled>
	</game>
	<game name="legendos" index="" image="">
		<description>Legend of Success Joe / Ashitano Joe Densetsu</description>
		<cloneof></cloneof>
		<crc>9036d879</crc>
		<manufacturer>SNK</manufacturer>
		<year>1991</year>
		<genre>Fighter</genre>
		<rating>AAMA - Yellow (Animated Violence Mild)</rating>
		<enabled>Yes</enabled>
	</game>
	<game name="magdrop2" index="true" image="m">
		<description>Magical Drop II</description>
		<cloneof></cloneof>
		<crc>9036d879</crc>
		<manufacturer>Data East Corporation</manufacturer>
		<year>1996</year>
		<genre>Puzzle</genre>
		<rating>AAMA - Green (Suitable For All Ages)</rating>
		<enabled>Yes</enabled>
	</game>
	<game name="magdrop3" index="" image="">
		<description>Magical Drop III</description>
		<cloneof></cloneof>
		<crc>9036d879</crc>
		<manufacturer>Data East Corporation</manufacturer>
		<year>1997</year>
		<genre>Puzzle</genre>
		<rating>AAMA - Green (Suitable For All Ages)</rating>
		<enabled>Yes</enabled>
	</game>
	<game name="maglord" index="" image="">
		<description>Magician Lord (set 1)</description>
		<cloneof></cloneof>
		<crc>9036d879</crc>
		<manufacturer>Alpha Denshi Co.</manufacturer>
		<year>1990</year>
		<genre>Platform</genre>
		<rating>AAMA - Yellow (Animated Violence Mild)</rating>
		<enabled>Yes</enabled>
	</game>
	<game name="matrim" index="" image="">
		<description>Matrimelee / Shin Gouketsuji Ichizoku Toukon</description>
		<cloneof></cloneof>
		<crc>9036d879</crc>
		<manufacturer>Noise Factory / Atlus</manufacturer>
		<year>2002</year>
		<genre>Fighter</genre>
		<rating>AAMA - Yellow (Animated Violence Mild)</rating>
		<enabled>Yes</enabled>
	</game>
	<game name="mslug" index="" image="">
		<description>Metal Slug - Super Vehicle-001</description>
		<cloneof></cloneof>
		<crc>9036d879</crc>
		<manufacturer>Nazca</manufacturer>
		<year>1996</year>
		<genre>Platform</genre>
		<rating>AAMA - Red (Animated Violence Strong)</rating>
		<enabled>Yes</enabled>
	</game>
	<game name="mslug2" index="" image="">
		<description>Metal Slug 2 - Super Vehicle-001/II</description>
		<cloneof></cloneof>
		<crc>9036d879</crc>
		<manufacturer>SNK</manufacturer>
		<year>1998</year>
		<genre>Platform</genre>
		<rating>AAMA - Red (Animated Violence Strong)</rating>
		<enabled>Yes</enabled>
	</game>
	<game name="mslug3" index="" image="">
		<description>Metal Slug 3</description>
		<cloneof></cloneof>
		<crc>9036d879</crc>
		<manufacturer>SNK</manufacturer>
		<year>2000</year>
		<genre>Platform</genre>
		<rating>AAMA - Red (Animated Violence Strong)</rating>
		<enabled>Yes</enabled>
	</game>
	<game name="mslug4" index="" image="">
		<description>Metal Slug 4 (set 1)</description>
		<cloneof></cloneof>
		<crc>9036d879</crc>
		<manufacturer>Mega / Playmore</manufacturer>
		<year>2002</year>
		<genre>Platform</genre>
		<rating>AAMA - Red (Animated Violence Strong)</rating>
		<enabled>Yes</enabled>
	</game>
	<game name="mslug5" index="" image="">
		<description>Metal Slug 5</description>
		<cloneof></cloneof>
		<crc>9036d879</crc>
		<manufacturer>SNK Playmore</manufacturer>
		<year>2003</year>
		<genre>Platform</genre>
		<rating>AAMA - Red (Animated Violence Strong)</rating>
		<enabled>Yes</enabled>
	</game>
	<game name="mslugx" index="" image="">
		<description>Metal Slug X - Super Vehicle-001</description>
		<cloneof></cloneof>
		<crc>9036d879</crc>
		<manufacturer>SNK</manufacturer>
		<year>1999</year>
		<genre>Platform</genre>
		<rating>AAMA - Red (Animated Violence Strong)</rating>
		<enabled>Yes</enabled>
	</game>
	<game name="miexchng" index="" image="">
		<description>Money Puzzle Exchanger / Money Idol Exchanger</description>
		<cloneof></cloneof>
		<crc>9036d879</crc>
		<manufacturer>Face</manufacturer>
		<year>1997</year>
		<genre>Puzzle</genre>
		<rating>AAMA - Green (Suitable For All Ages)</rating>
		<enabled>Yes</enabled>
	</game>
	<game name="mutnat" index="" image="">
		<description>Mutation Nation</description>
		<cloneof></cloneof>
		<crc>9036d879</crc>
		<manufacturer>SNK</manufacturer>
		<year>1992</year>
		<genre>Fighter</genre>
		<rating>AAMA - Yellow (Animated Violence Mild)</rating>
		<enabled>Yes</enabled>
	</game>
	<game name="nam1975" index="true" image="n">
		<description>NAM-1975</description>
		<cloneof></cloneof>
		<crc>9036d879</crc>
		<manufacturer>SNK</manufacturer>
		<year>1990</year>
		<genre>Shooter</genre>
		<rating>AAMA - Yellow (Animated Violence Mild)</rating>
		<enabled>Yes</enabled>
	</game>
	<game name="neobombe" index="" image="">
		<description>Neo Bomberman</description>
		<cloneof></cloneof>
		<crc>9036d879</crc>
		<manufacturer>Hudson</manufacturer>
		<year>1997</year>
		<genre>Maze</genre>
		<rating>AAMA - Green (Suitable For All Ages)</rating>
		<enabled>Yes</enabled>
	</game>
	<game name="neodrift" index="" image="">
		<description>Neo Drift Out - New Technology</description>
		<cloneof></cloneof>
		<crc>9036d879</crc>
		<manufacturer>Visco</manufacturer>
		<year>1996</year>
		<genre>Driving</genre>
		<rating>AAMA - Green (Suitable For All Ages)</rating>
		<enabled>Yes</enabled>
	</game>
	<game name="neomrdo" index="" image="">
		<description>Neo Mr. Do!</description>
		<cloneof></cloneof>
		<crc>9036d879</crc>
		<manufacturer>Visco</manufacturer>
		<year>1996</year>
		<genre>Maze</genre>
		<rating>AAMA - Green (Suitable For All Ages)</rating>
		<enabled>Yes</enabled>
	</game>
	<game name="turfmast" index="" image="">
		<description>Neo Turf Masters / Big Tournament Golf</description>
		<cloneof></cloneof>
		<crc>9036d879</crc>
		<manufacturer>Nazca</manufacturer>
		<year>1996</year>
		<genre>Sports/Golf</genre>
		<rating>AAMA - Green (Suitable For All Ages)</rating>
		<enabled>Yes</enabled>
	</game>
	<game name="neocup98" index="" image="">
		<description>Neo-Geo Cup &apos;98 - The Road to the Victory</description>
		<cloneof></cloneof>
		<crc>9036d879</crc>
		<manufacturer>SNK</manufacturer>
		<year>1998</year>
		<genre>Sports/Soccer</genre>
		<rating>AAMA - Green (Suitable For All Ages)</rating>
		<enabled>Yes</enabled>
	</game>
	<game name="nitd" index="" image="">
		<description>Nightmare in the Dark</description>
		<cloneof></cloneof>
		<crc>9036d879</crc>
		<manufacturer>Eleven / Gavaking</manufacturer>
		<year>2000</year>
		<genre>Platform</genre>
		<rating>AAMA - Yellow (Animated Violence Mild)</rating>
		<enabled>Yes</enabled>
	</game>
	<game name="ncombat" index="" image="">
		<description>Ninja Combat (set 1)</description>
		<cloneof></cloneof>
		<crc>9036d879</crc>
		<manufacturer>Alpha Denshi Co.</manufacturer>
		<year>1990</year>
		<genre>Fighter</genre>
		<rating>AAMA - Yellow (Animated Violence Mild)</rating>
		<enabled>Yes</enabled>
	</game>
	<game name="ncommand" index="" image="">
		<description>Ninja Commando</description>
		<cloneof></cloneof>
		<crc>9036d879</crc>
		<manufacturer>Alpha Denshi Co.</manufacturer>
		<year>1992</year>
		<genre>Shooter</genre>
		<rating>AAMA - Yellow (Animated Violence Mild)</rating>
		<enabled>Yes</enabled>
	</game>
	<game name="ninjamas" index="" image="">
		<description>Ninja Master&apos;s - haoh-ninpo-cho</description>
		<cloneof></cloneof>
		<crc>9036d879</crc>
		<manufacturer>ADK / SNK</manufacturer>
		<year>1996</year>
		<genre>Fighter</genre>
		<rating>AAMA - Red (Animated Violence Strong)</rating>
		<enabled>Yes</enabled>
	</game>
	<game name="overtop" index="true" image="o">
		<description>Over Top</description>
		<cloneof></cloneof>
		<crc>9036d879</crc>
		<manufacturer>ADK</manufacturer>
		<year>1996</year>
		<genre>Driving</genre>
		<rating>AAMA - Green (Suitable For All Ages)</rating>
		<enabled>Yes</enabled>
	</game>
	<game name="panicbom" index="true" image="p">
		<description>Panic Bomber</description>
		<cloneof></cloneof>
		<crc>9036d879</crc>
		<manufacturer>Eighting / Hudson</manufacturer>
		<year>1994</year>
		<genre>Puzzle</genre>
		<rating>AAMA - Green (Suitable For All Ages)</rating>
		<enabled>Yes</enabled>
	</game>
	<game name="pgoal" index="" image="">
		<description>Pleasure Goal / Futsal - 5 on 5 Mini Soccer</description>
		<cloneof></cloneof>
		<crc>9036d879</crc>
		<manufacturer>Saurus</manufacturer>
		<year>1996</year>
		<genre>Sports/Soccer</genre>
		<rating>AAMA - Green (Suitable For All Ages)</rating>
		<enabled>Yes</enabled>
	</game>
	<game name="pnyaa" index="" image="">
		<description>Pochi and Nyaa</description>
		<cloneof></cloneof>
		<crc>9036d879</crc>
		<manufacturer>Aiky / Taito</manufacturer>
		<year>2003</year>
		<genre>Puzzle</genre>
		<rating>AAMA - Green (Suitable For All Ages)</rating>
		<enabled>Yes</enabled>
	</game>
	<game name="popbounc" index="" image="">
		<description>Pop &apos;n Bounce / Gapporin</description>
		<cloneof></cloneof>
		<crc>9036d879</crc>
		<manufacturer>Video System Co.</manufacturer>
		<year>1997</year>
		<genre>Breakout</genre>
		<rating>AAMA - Yellow (Animated Violence Mild)</rating>
		<enabled>Yes</enabled>
	</game>
	<game name="pspikes2" index="" image="">
		<description>Power Spikes II</description>
		<cloneof></cloneof>
		<crc>9036d879</crc>
		<manufacturer>Video System Co.</manufacturer>
		<year>1994</year>
		<genre>Sports</genre>
		<rating>AAMA - Green (Suitable For All Ages)</rating>
		<enabled>Yes</enabled>
	</game>
	<game name="preisle2" index="" image="">
		<description>Prehistoric Isle 2</description>
		<cloneof></cloneof>
		<crc>9036d879</crc>
		<manufacturer>Yumekobo</manufacturer>
		<year>1999</year>
		<genre>Shooter/Flying</genre>
		<rating>AAMA - Green (Suitable For All Ages)</rating>
		<enabled>Yes</enabled>
	</game>
	<game name="pulstar" index="" image="">
		<description>Pulstar</description>
		<cloneof></cloneof>
		<crc>9036d879</crc>
		<manufacturer>Aicom</manufacturer>
		<year>1995</year>
		<genre>Shooter/Flying</genre>
		<rating>AAMA - Green (Suitable For All Ages)</rating>
		<enabled>Yes</enabled>
	</game>
	<game name="pbobblen" index="" image="">
		<description>Puzzle Bobble / Bust-A-Move (Neo-Geo) (set 1)</description>
		<cloneof></cloneof>
		<crc>9036d879</crc>
		<manufacturer>Taito</manufacturer>
		<year>1994</year>
		<genre>Puzzle</genre>
		<rating>AAMA - Green (Suitable For All Ages)</rating>
		<enabled>Yes</enabled>
	</game>
	<game name="pbobbl2n" index="" image="">
		<description>Puzzle Bobble 2 / Bust-A-Move Again (Neo-Geo)</description>
		<cloneof></cloneof>
		<crc>9036d879</crc>
		<manufacturer>Taito (SNK license)</manufacturer>
		<year>1999</year>
		<genre>Puzzle</genre>
		<rating>AAMA - Green (Suitable For All Ages)</rating>
		<enabled>Yes</enabled>
	</game>
	<game name="puzzledp" index="" image="">
		<description>Puzzle De Pon!</description>
		<cloneof></cloneof>
		<crc>9036d879</crc>
		<manufacturer>Taito (Visco license)</manufacturer>
		<year>1995</year>
		<genre>Puzzle</genre>
		<rating>AAMA - Green (Suitable For All Ages)</rating>
		<enabled>Yes</enabled>
	</game>
	<game name="puzzldpr" index="" image="">
		<description>Puzzle De Pon! R!</description>
		<cloneof></cloneof>
		<crc>9036d879</crc>
		<manufacturer>Taito (Visco license)</manufacturer>
		<year>1997</year>
		<genre>Puzzle</genre>
		<rating>AAMA - Green (Suitable For All Ages)</rating>
		<enabled>Yes</enabled>
	</game>
	<game name="joyjoy" index="" image="">
		<description>Puzzled / Joy Joy Kid</description>
		<cloneof></cloneof>
		<crc>9036d879</crc>
		<manufacturer>SNK</manufacturer>
		<year>1990</year>
		<genre>Puzzle</genre>
		<rating>AAMA - Green (Suitable For All Ages)</rating>
		<enabled>Yes</enabled>
	</game>
	<game name="rotd" index="true" image="r">
		<description>Rage of the Dragons</description>
		<cloneof></cloneof>
		<crc>9036d879</crc>
		<manufacturer>Evoga / Playmore</manufacturer>
		<year>2002</year>
		<genre>Fighter</genre>
		<rating>AAMA - Yellow (Animated Violence Mild)</rating>
		<enabled>Yes</enabled>
	</game>
	<game name="ragnagrd" index="" image="">
		<description>Ragnagard / Shin-Oh-Ken</description>
		<cloneof></cloneof>
		<crc>9036d879</crc>
		<manufacturer>Saurus</manufacturer>
		<year>1996</year>
		<genre>Fighter</genre>
		<rating>AAMA - Yellow (Animated Violence Mild)</rating>
		<enabled>Yes</enabled>
	</game>
	<game name="rbff1" index="" image="">
		<description>Real Bout Fatal Fury / Real Bout Garou Densetsu</description>
		<cloneof></cloneof>
		<crc>9036d879</crc>
		<manufacturer>SNK</manufacturer>
		<year>1995</year>
		<genre>Fighter</genre>
		<rating>AAMA - Red (Animated Violence Strong)</rating>
		<enabled>Yes</enabled>
	</game>
	<game name="rbff2" index="" image="">
		<description>Real Bout Fatal Fury 2 - The Newcomers / Real Bout Garou Densetsu 2 - the newcomers (set 1)</description>
		<cloneof></cloneof>
		<crc>9036d879</crc>
		<manufacturer>SNK</manufacturer>
		<year>1998</year>
		<genre>Fighter</genre>
		<rating>AAMA - Red (Animated Violence Strong)</rating>
		<enabled>Yes</enabled>
	</game>
	<game name="rbffspec" index="" image="">
		<description>Real Bout Fatal Fury Special / Real Bout Garou Densetsu Special</description>
		<cloneof></cloneof>
		<crc>9036d879</crc>
		<manufacturer>SNK</manufacturer>
		<year>1996</year>
		<genre>Fighter</genre>
		<rating>AAMA - Red (Animated Violence Strong)</rating>
		<enabled>Yes</enabled>
	</game>
	<game name="ridhero" index="" image="">
		<description>Riding Hero (set 1)</description>
		<cloneof></cloneof>
		<crc>9036d879</crc>
		<manufacturer>SNK</manufacturer>
		<year>1990</year>
		<genre>Driving</genre>
		<rating>AAMA - Green (Suitable For All Ages)</rating>
		<enabled>Yes</enabled>
	</game>
	<game name="roboarmy" index="" image="">
		<description>Robo Army</description>
		<cloneof></cloneof>
		<crc>9036d879</crc>
		<manufacturer>SNK</manufacturer>
		<year>1991</year>
		<genre>Fighter</genre>
		<rating>AAMA - Yellow (Animated Violence Mild)</rating>
		<enabled>Yes</enabled>
	</game>
	<game name="samsho" index="true" image="s">
		<description>Samurai Shodown / Samurai Spirits (set 1)</description>
		<cloneof></cloneof>
		<crc>9036d879</crc>
		<manufacturer>SNK</manufacturer>
		<year>1993</year>
		<genre>Fighter</genre>
		<rating>AAMA - Red (Animated Violence Strong)</rating>
		<enabled>Yes</enabled>
	</game>
	<game name="samsho2" index="" image="">
		<description>Samurai Shodown II / Shin Samurai Spirits - Haohmaru jigokuhen</description>
		<cloneof></cloneof>
		<crc>9036d879</crc>
		<manufacturer>SNK</manufacturer>
		<year>1994</year>
		<genre>Fighter</genre>
		<rating>AAMA - Red (Animated Violence Strong)</rating>
		<enabled>Yes</enabled>
	</game>
	<game name="samsho3" index="" image="">
		<description>Samurai Shodown III / Samurai Spirits - Zankurou Musouken (set 1)</description>
		<cloneof></cloneof>
		<crc>9036d879</crc>
		<manufacturer>SNK</manufacturer>
		<year>1995</year>
		<genre>Fighter</genre>
		<rating>AAMA - Red (Animated Violence Strong)</rating>
		<enabled>Yes</enabled>
	</game>
	<game name="samsho4" index="" image="">
		<description>Samurai Shodown IV - Amakusa&apos;s Revenge / Samurai Spirits - Amakusa Kourin</description>
		<cloneof></cloneof>
		<crc>9036d879</crc>
		<manufacturer>SNK</manufacturer>
		<year>1996</year>
		<genre>Fighter</genre>
		<rating>AAMA - Yellow (Life Like Violence Mild)</rating>
		<enabled>Yes</enabled>
	</game>
	<game name="samsho5" index="" image="">
		<description>Samurai Shodown V / Samurai Spirits Zero (set 1)</description>
		<cloneof></cloneof>
		<crc>9036d879</crc>
		<manufacturer>Yuki Enterprise / SNK Playmore</manufacturer>
		<year>2003</year>
		<genre>Fighter</genre>
		<rating>AAMA - Yellow (Life Like Violence Mild)</rating>
		<enabled>Yes</enabled>
	</game>
	<game name="samsh5sp" index="" image="">
		<description>Samurai Shodown V Special / Samurai Spirits Zero Special (set 1, uncensored)</description>
		<cloneof></cloneof>
		<crc>9036d879</crc>
		<manufacturer>Yuki Enterprise / SNK Playmore</manufacturer>
		<year>2004</year>
		<genre>Fighter</genre>
		<rating>AAMA - Yellow (Life Like Violence Mild)</rating>
		<enabled>Yes</enabled>
	</game>
	<game name="savagere" index="" image="">
		<description>Savage Reign / Fu&apos;un Mokushiroku - kakutou sousei</description>
		<cloneof></cloneof>
		<crc>9036d879</crc>
		<manufacturer>SNK</manufacturer>
		<year>1995</year>
		<genre>Fighter</genre>
		<rating>AAMA - Yellow (Animated Violence Mild)</rating>
		<enabled>Yes</enabled>
	</game>
	<game name="sengoku" index="" image="">
		<description>Sengoku / Sengoku Denshou (set 1)</description>
		<cloneof></cloneof>
		<crc>9036d879</crc>
		<manufacturer>SNK</manufacturer>
		<year>1991</year>
		<genre>Fighter</genre>
		<rating>AAMA - Yellow (Animated Violence Mild)</rating>
		<enabled>Yes</enabled>
	</game>
	<game name="sengoku2" index="" image="">
		<description>Sengoku 2 / Sengoku Denshou 2</description>
		<cloneof></cloneof>
		<crc>9036d879</crc>
		<manufacturer>SNK</manufacturer>
		<year>1993</year>
		<genre>Fighter</genre>
		<rating>AAMA - Yellow (Animated Violence Mild)</rating>
		<enabled>Yes</enabled>
	</game>
	<game name="sengoku3" index="" image="">
		<description>Sengoku 3 / Sengoku Densho 2001</description>
		<cloneof></cloneof>
		<crc>9036d879</crc>
		<manufacturer>Noise Factory / SNK</manufacturer>
		<year>2001</year>
		<genre>Fighter</genre>
		<rating>AAMA - Yellow (Animated Violence Mild)</rating>
		<enabled>Yes</enabled>
	</game>
	<game name="shocktro" index="" image="">
		<description>Shock Troopers (set 1)</description>
		<cloneof></cloneof>
		<crc>9036d879</crc>
		<manufacturer>Saurus</manufacturer>
		<year>1997</year>
		<genre>Shooter</genre>
		<rating>AAMA - Yellow (Life Like Violence Mild)</rating>
		<enabled>Yes</enabled>
	</game>
	<game name="shocktr2" index="" image="">
		<description>Shock Troopers - 2nd Squad</description>
		<cloneof></cloneof>
		<crc>9036d879</crc>
		<manufacturer>Saurus</manufacturer>
		<year>1998</year>
		<genre>Shooter</genre>
		<rating>AAMA - Red (Animated Violence Strong)</rating>
		<enabled>Yes</enabled>
	</game>
	<game name="svc" index="" image="">
		<description>SNK vs. Capcom - SVC Chaos</description>
		<cloneof></cloneof>
		<crc>9036d879</crc>
		<manufacturer>SNK Playmore</manufacturer>
		<year>2003</year>
		<genre>Fighter</genre>
		<rating>AAMA - Yellow (Animated Violence Mild)</rating>
		<enabled>Yes</enabled>
	</game>
	<game name="socbrawl" index="" image="">
		<description>Soccer Brawl (set 1)</description>
		<cloneof></cloneof>
		<crc>9036d879</crc>
		<manufacturer>SNK</manufacturer>
		<year>1991</year>
		<genre>Soccer/Sports</genre>
		<rating>AAMA - Green (Suitable For All Ages)</rating>
		<enabled>Yes</enabled>
	</game>
	<game name="spinmast" index="" image="">
		<description>Spin Master / Miracle Adventure</description>
		<cloneof></cloneof>
		<crc>9036d879</crc>
		<manufacturer>Data East Corporation</manufacturer>
		<year>1993</year>
		<genre>Platform</genre>
		<rating>AAMA - Green (Suitable For All Ages)</rating>
		<enabled>Yes</enabled>
	</game>
	<game name="stakwin" index="" image="">
		<description>Stakes Winner / Stakes Winner - GI kinzen seihae no michi</description>
		<cloneof></cloneof>
		<crc>9036d879</crc>
		<manufacturer>Saurus</manufacturer>
		<year>1995</year>
		<genre>Sports/Horse Racing</genre>
		<rating>AAMA - Green (Suitable For All Ages)</rating>
		<enabled>Yes</enabled>
	</game>
	<game name="stakwin2" index="" image="">
		<description>Stakes Winner 2</description>
		<cloneof></cloneof>
		<crc>9036d879</crc>
		<manufacturer>Saurus</manufacturer>
		<year>1996</year>
		<genre>Sports/Horse Racing</genre>
		<rating>AAMA - Green (Suitable For All Ages)</rating>
		<enabled>Yes</enabled>
	</game>
	<game name="strhoop" index="" image="">
		<description>Street Hoop / Street Slam / Dunk Dream</description>
		<cloneof></cloneof>
		<crc>9036d879</crc>
		<manufacturer>Data East Corporation</manufacturer>
		<year>1994</year>
		<genre>Sports/Basketball</genre>
		<rating>AAMA - Green (Suitable For All Ages)</rating>
		<enabled>Yes</enabled>
	</game>
	<game name="s1945p" index="" image="">
		<description>Strikers 1945 Plus</description>
		<cloneof></cloneof>
		<crc>9036d879</crc>
		<manufacturer>Psikyo</manufacturer>
		<year>1999</year>
		<genre>Shooter/Flying</genre>
		<rating>AAMA - Green (Suitable For All Ages)</rating>
		<enabled>Yes</enabled>
	</game>
	<game name="sdodgeb" index="" image="">
		<description>Super Dodge Ball / Kunio no Nekketsu Toukyuu Densetsu</description>
		<cloneof></cloneof>
		<crc>9036d879</crc>
		<manufacturer>Technos Japan</manufacturer>
		<year>1996</year>
		<genre>Sports</genre>
		<rating>AAMA - Green (Suitable For All Ages)</rating>
		<enabled>Yes</enabled>
	</game>
	<game name="ssideki" index="" image="">
		<description>Super Sidekicks / Tokuten Ou</description>
		<cloneof></cloneof>
		<crc>9036d879</crc>
		<manufacturer>SNK</manufacturer>
		<year>1992</year>
		<genre>Sports/Soccer</genre>
		<rating>AAMA - Green (Suitable For All Ages)</rating>
		<enabled>Yes</enabled>
	</game>
	<game name="ssideki2" index="" image="">
		<description>Super Sidekicks 2 - The World Championship / Tokuten Ou 2 - real fight football</description>
		<cloneof></cloneof>
		<crc>9036d879</crc>
		<manufacturer>SNK</manufacturer>
		<year>1994</year>
		<genre>Sports/Soccer</genre>
		<rating>AAMA - Green (Suitable For All Ages)</rating>
		<enabled>Yes</enabled>
	</game>
	<game name="ssideki3" index="" image="">
		<description>Super Sidekicks 3 - The Next Glory / Tokuten Ou 3 - eikoue no michi</description>
		<cloneof></cloneof>
		<crc>9036d879</crc>
		<manufacturer>SNK</manufacturer>
		<year>1995</year>
		<genre>Sports/Soccer</genre>
		<rating>AAMA - Green (Suitable For All Ages)</rating>
		<enabled>Yes</enabled>
	</game>
	<game name="tws96" index="true" image="t">
		<description>Tecmo World Soccer &apos;96</description>
		<cloneof></cloneof>
		<crc>9036d879</crc>
		<manufacturer>Tecmo</manufacturer>
		<year>1996</year>
		<genre>Sports/Soccer</genre>
		<rating>AAMA - Green (Suitable For All Ages)</rating>
		<enabled>Yes</enabled>
	</game>
	<game name="irrmaze" index="" image="">
		<description>The Irritating Maze / Ultra Denryu Iraira Bou</description>
		<cloneof></cloneof>
		<crc>6d536c6e</crc>
		<manufacturer>SNK / Saurus</manufacturer>
		<year>1997</year>
		<genre>Maze/Trackball</genre>
		<rating>AAMA - Yellow (Animated Violence Mild)</rating>
		<enabled>Yes</enabled>
	</game>
	<game name="kof94" index="" image="">
		<description>The King of Fighters &apos;94</description>
		<cloneof></cloneof>
		<crc>9036d879</crc>
		<manufacturer>SNK</manufacturer>
		<year>1994</year>
		<genre>Fighter</genre>
		<rating>AAMA - Red (Animated Violence Strong)</rating>
		<enabled>Yes</enabled>
	</game>
	<game name="kof95" index="" image="">
		<description>The King of Fighters &apos;95 (set 1)</description>
		<cloneof></cloneof>
		<crc>9036d879</crc>
		<manufacturer>SNK</manufacturer>
		<year>1995</year>
		<genre>Fighter</genre>
		<rating>AAMA - Yellow (Animated Violence Mild)</rating>
		<enabled>Yes</enabled>
	</game>
	<game name="kof96" index="" image="">
		<description>The King of Fighters &apos;96 (set 1)</description>
		<cloneof></cloneof>
		<crc>9036d879</crc>
		<manufacturer>SNK</manufacturer>
		<year>1996</year>
		<genre>Fighter</genre>
		<rating>AAMA - Red (Animated Violence Strong)</rating>
		<enabled>Yes</enabled>
	</game>
	<game name="kof97" index="" image="">
		<description>The King of Fighters &apos;97 (set 1)</description>
		<cloneof></cloneof>
		<crc>9036d879</crc>
		<manufacturer>SNK</manufacturer>
		<year>1997</year>
		<genre>Fighter</genre>
		<rating>AAMA - Red (Animated Violence Strong)</rating>
		<enabled>Yes</enabled>
	</game>
	<game name="kof98" index="" image="">
		<description>The King of Fighters &apos;98 - The Slugfest / King of Fighters &apos;98 - dream match never ends</description>
		<cloneof></cloneof>
		<crc>9036d879</crc>
		<manufacturer>SNK</manufacturer>
		<year>1998</year>
		<genre>Fighter</genre>
		<rating>AAMA - Yellow (Animated Violence Mild)</rating>
		<enabled>Yes</enabled>
	</game>
	<game name="kof99" index="" image="">
		<description>The King of Fighters &apos;99 - Millennium Battle (set 1)</description>
		<cloneof></cloneof>
		<crc>9036d879</crc>
		<manufacturer>SNK</manufacturer>
		<year>1999</year>
		<genre>Fighter</genre>
		<rating>AAMA - Yellow (Animated Violence Mild)</rating>
		<enabled>Yes</enabled>
	</game>
	<game name="kof2000" index="" image="">
		<description>The King of Fighters 2000</description>
		<cloneof></cloneof>
		<crc>9036d879</crc>
		<manufacturer>SNK</manufacturer>
		<year>2000</year>
		<genre>Fighter</genre>
		<rating>AAMA - Red (Animated Violence Strong)</rating>
		<enabled>Yes</enabled>
	</game>
	<game name="kof2001" index="" image="">
		<description>The King of Fighters 2001 (set 1)</description>
		<cloneof></cloneof>
		<crc>9036d879</crc>
		<manufacturer>Eolith / SNK</manufacturer>
		<year>2001</year>
		<genre>Fighter</genre>
		<rating>AAMA - Red (Animated Violence Strong)</rating>
		<enabled>Yes</enabled>
	</game>
	<game name="kof2002" index="" image="">
		<description>The King of Fighters 2002</description>
		<cloneof></cloneof>
		<crc>9036d879</crc>
		<manufacturer>Eolith / Playmore</manufacturer>
		<year>2002</year>
		<genre>Fighter</genre>
		<rating>AAMA - Red (Animated Violence Strong)</rating>
		<enabled>Yes</enabled>
	</game>
	<game name="kof2003" index="" image="">
		<description>The King of Fighters 2003</description>
		<cloneof></cloneof>
		<crc>9036d879</crc>
		<manufacturer>SNK Playmore</manufacturer>
		<year>2003</year>
		<genre>Fighter</genre>
		<rating>AAMA - Red (Animated Violence Strong)</rating>
		<enabled>Yes</enabled>
	</game>
	<game name="lastblad" index="" image="">
		<description>The Last Blade / Bakumatsu Roman - Gekka no Kenshi (set 1)</description>
		<cloneof></cloneof>
		<crc>9036d879</crc>
		<manufacturer>SNK</manufacturer>
		<year>1997</year>
		<genre>Fighter</genre>
		<rating>AAMA - Red (Animated Violence Strong)</rating>
		<enabled>Yes</enabled>
	</game>
	<game name="lastbld2" index="" image="">
		<description>The Last Blade 2 / Bakumatsu Roman - Dai Ni Maku Gekka no Kenshi</description>
		<cloneof></cloneof>
		<crc>9036d879</crc>
		<manufacturer>SNK</manufacturer>
		<year>1998</year>
		<genre>Fighter</genre>
		<rating>AAMA - Red (Animated Violence Strong)</rating>
		<enabled>Yes</enabled>
	</game>
	<game name="superspy" index="" image="">
		<description>The Super Spy</description>
		<cloneof></cloneof>
		<crc>9036d879</crc>
		<manufacturer>SNK</manufacturer>
		<year>1990</year>
		<genre>Fighter</genre>
		<rating>AAMA - Red (Life Like Violence Strong)</rating>
		<enabled>Yes</enabled>
	</game>
	<game name="ssideki4" index="" image="">
		<description>The Ultimate 11 - The SNK Football Championship / Tokuten Ou - Honoo no Libero</description>
		<cloneof></cloneof>
		<crc>9036d879</crc>
		<manufacturer>SNK</manufacturer>
		<year>1996</year>
		<genre>Sports/Soccer</genre>
		<rating>AAMA - Green (Suitable For All Ages)</rating>
		<enabled>Yes</enabled>
	</game>
	<game name="trally" index="" image="">
		<description>Thrash Rally</description>
		<cloneof></cloneof>
		<crc>9036d879</crc>
		<manufacturer>Alpha Denshi Co.</manufacturer>
		<year>1991</year>
		<genre>Driving</genre>
		<rating>AAMA - Green (Suitable For All Ages)</rating>
		<enabled>Yes</enabled>
	</game>
	<game name="tophuntr" index="" image="">
		<description>Top Hunter - Roddy &amp; Cathy (set 1)</description>
		<cloneof></cloneof>
		<crc>9036d879</crc>
		<manufacturer>SNK</manufacturer>
		<year>1994</year>
		<genre>Platform</genre>
		<rating>AAMA - Green (Suitable For All Ages)</rating>
		<enabled>Yes</enabled>
	</game>
	<game name="tpgolf" index="" image="">
		<description>Top Player&apos;s Golf</description>
		<cloneof></cloneof>
		<crc>9036d879</crc>
		<manufacturer>SNK</manufacturer>
		<year>1990</year>
		<genre>Sports/Golf</genre>
		<rating>AAMA - Green (Suitable For All Ages)</rating>
		<enabled>Yes</enabled>
	</game>
	<game name="twinspri" index="" image="">
		<description>Twinkle Star Sprites</description>
		<cloneof></cloneof>
		<crc>9036d879</crc>
		<manufacturer>ADK / SNK</manufacturer>
		<year>1996</year>
		<genre>Shooter/Flying</genre>
		<rating>AAMA - Green (Suitable For All Ages)</rating>
		<enabled>Yes</enabled>
	</game>
	<game name="viewpoin" index="true" image="v">
		<description>Viewpoint</description>
		<cloneof></cloneof>
		<crc>9036d879</crc>
		<manufacturer>Sammy / Aicom</manufacturer>
		<year>1992</year>
		<genre>Shooter/Flying</genre>
		<rating>AAMA - Green (Suitable For All Ages)</rating>
		<enabled>Yes</enabled>
	</game>
	<game name="gowcaizr" index="" image="">
		<description>Voltage Fighter - Gowcaizer / Choujin Gakuen Gowcaizer</description>
		<cloneof></cloneof>
		<crc>9036d879</crc>
		<manufacturer>Technos Japan</manufacturer>
		<year>1995</year>
		<genre>Fighter</genre>
		<rating>AAMA - Yellow (Animated Violence Mild)</rating>
		<enabled>Yes</enabled>
	</game>
	<game name="wakuwak7" index="true" image="w">
		<description>Waku Waku 7</description>
		<cloneof></cloneof>
		<crc>9036d879</crc>
		<manufacturer>Sunsoft</manufacturer>
		<year>1996</year>
		<genre>Fighter</genre>
		<rating>AAMA - Yellow (Animated Violence Mild)</rating>
		<enabled>Yes</enabled>
	</game>
	<game name="wjammers" index="" image="">
		<description>Windjammers / Flying Power Disc</description>
		<cloneof></cloneof>
		<crc>9036d879</crc>
		<manufacturer>Data East Corporation</manufacturer>
		<year>1994</year>
		<genre>Sports</genre>
		<rating>AAMA - Green (Suitable For All Ages)</rating>
		<enabled>Yes</enabled>
	</game>
	<game name="wh1" index="" image="">
		<description>World Heroes (set 1)</description>
		<cloneof></cloneof>
		<crc>9036d879</crc>
		<manufacturer>Alpha Denshi Co.</manufacturer>
		<year>1992</year>
		<genre>Fighter</genre>
		<rating>AAMA - Red (Animated Violence Strong)</rating>
		<enabled>Yes</enabled>
	</game>
	<game name="wh2" index="" image="">
		<description>World Heroes 2</description>
		<cloneof></cloneof>
		<crc>9036d879</crc>
		<manufacturer>ADK</manufacturer>
		<year>1993</year>
		<genre>Fighter</genre>
		<rating>AAMA - Red (Animated Violence Strong)</rating>
		<enabled>Yes</enabled>
	</game>
	<game name="wh2j" index="" image="">
		<description>World Heroes 2 Jet (set 1)</description>
		<cloneof></cloneof>
		<crc>9036d879</crc>
		<manufacturer>ADK / SNK</manufacturer>
		<year>1994</year>
		<genre>Fighter</genre>
		<rating>AAMA - Red (Animated Violence Strong)</rating>
		<enabled>Yes</enabled>
	</game>
	<game name="whp" index="" image="">
		<description>World Heroes Perfect</description>
		<cloneof></cloneof>
		<crc>9036d879</crc>
		<manufacturer>ADK / SNK</manufacturer>
		<year>1995</year>
		<genre>Fighter</genre>
		<rating>AAMA - Red (Animated Violence Strong)</rating>
		<enabled>Yes</enabled>
	</game>
	<game name="zedblade" index="true" image="z">
		<description>Zed Blade / Operation Ragnarok</description>
		<cloneof></cloneof>
		<crc>9036d879</crc>
		<manufacturer>NMK</manufacturer>
		<year>1994</year>
		<genre>Shooter/Flying</genre>
		<rating>AAMA - Green (Suitable For All Ages)</rating>
		<enabled>Yes</enabled>
	</game>
	<game name="zupapa" index="" image="">
		<description>Zupapa!</description>
		<cloneof></cloneof>
		<crc>9036d879</crc>
		<manufacturer>SNK</manufacturer>
		<year>2001</year>
		<genre>Platform</genre>
		<rating>AAMA - Green (Suitable For All Ages)</rating>
		<enabled>Yes</enabled>
	</game>
</menu>